,Dates,Price
0,2012-03-12,3.832
1,2012-03-13,3.903
2,2012-03-14,3.903
3,2012-03-15,3.901
4,2012-03-16,3.73
5,2012-03-19,3.769
6,2012-03-20,3.696
7,2012-03-21,3.648
8,2012-03-22,3.561
9,2012-03-23,3.591
10,2012-03-26,3.539
11,2012-03-27,3.7
12,2012-03-28,3.666
13,2012-03-29,3.551
14,2012-03-30,3.46
15,2012-04-02,3.412
16,2012-04-03,3.382
17,2012-04-04,3.347
18,2012-04-05,3.314
19,2012-04-06,3.358
20,2012-04-09,3.418
21,2012-04-10,3.32
22,2012-04-11,3.462
23,2012-04-12,3.451
24,2012-04-13,3.346
25,2012-04-16,3.346
26,2012-04-17,3.392
27,2012-04-18,3.354
28,2012-04-19,3.469
29,2012-04-20,3.351
30,2012-04-23,3.351
31,2012-04-24,3.233
32,2012-04-25,3.198
33,2012-04-26,3.287
34,2012-04-27,3.266
35,2012-04-30,3.218
36,2012-05-01,3.113
37,2012-05-02,3.193
38,2012-05-03,3.327
39,2012-05-04,3.373
40,2012-05-07,3.455
41,2012-05-08,3.435
42,2012-05-09,3.494
43,2012-05-10,3.566
44,2012-05-11,3.566
45,2012-05-14,3.558
46,2012-05-15,3.554
47,2012-05-16,3.446
48,2012-05-17,3.444
49,2012-05-18,3.289
50,2012-05-21,3.226
51,2012-05-22,3.335
52,2012-05-23,3.339
53,2012-05-24,3.301
54,2012-05-25,3.315
55,2012-05-28,3.399
56,2012-05-29,3.418
57,2012-05-30,3.285
58,2012-05-31,3.272
59,2012-06-01,3.279
60,2012-06-04,3.23
61,2012-06-05,3.306
62,2012-06-06,3.163
63,2012-06-07,3.153
64,2012-06-08,3.153
65,2012-06-11,3.272
66,2012-06-12,3.279
67,2012-06-13,3.246
68,2012-06-14,3.291
69,2012-06-15,3.414
70,2012-06-18,3.427
71,2012-06-19,3.434
72,2012-06-20,3.486
73,2012-06-21,3.456
74,2012-06-22,3.529
75,2012-06-25,3.529
76,2012-06-26,3.47
77,2012-06-27,3.582
78,2012-06-28,3.629
79,2012-06-29,3.649
80,2012-07-02,3.645
81,2012-07-03,3.68
82,2012-07-04,3.812
83,2012-07-05,3.872
84,2012-07-06,3.882
85,2012-07-09,3.969
86,2012-07-10,3.96
87,2012-07-11,3.935
88,2012-07-12,3.927
89,2012-07-13,3.865
90,2012-07-16,3.976
91,2012-07-17,4.068
92,2012-07-18,4.024
93,2012-07-19,4.024
94,2012-07-20,4.015
95,2012-07-23,3.969
96,2012-07-24,3.9
97,2012-07-25,3.947
98,2012-07-26,4.125
99,2012-07-27,4.082
100,2012-07-30,4.017
101,2012-07-31,4.085
102,2012-08-01,4.139
103,2012-08-02,4.222
104,2012-08-03,4.137
105,2012-08-06,4.16
106,2012-08-07,4.214
107,2012-08-08,4.401
108,2012-08-09,4.408
109,2012-08-10,4.267
110,2012-08-13,4.238
111,2012-08-14,4.166
112,2012-08-15,4.167
113,2012-08-16,4.152
114,2012-08-17,4.392
115,2012-08-20,4.343
116,2012-08-21,4.326
117,2012-08-22,4.025
118,2012-08-23,4.041
119,2012-08-24,4.011
120,2012-08-27,3.92
121,2012-08-28,3.978
122,2012-08-29,3.983
123,2012-08-30,3.91
124,2012-08-31,3.925
125,2012-09-03,4.024
126,2012-09-04,4.07
127,2012-09-05,3.932
128,2012-09-06,4.055
129,2012-09-07,4.09
130,2012-09-10,4.192
131,2012-09-11,4.186
132,2012-09-12,4.261
133,2012-09-13,4.237
134,2012-09-14,4.237
135,2012-09-17,4.174
136,2012-09-18,4.148
137,2012-09-19,4.023
138,2012-09-20,3.984
139,2012-09-21,3.991
140,2012-09-24,3.998
141,2012-09-25,4.001
142,2012-09-26,3.827
143,2012-09-27,3.828
144,2012-09-28,3.8
145,2012-10-01,3.724
146,2012-10-02,3.777
147,2012-10-03,3.814
148,2012-10-04,3.733
149,2012-10-05,3.875
150,2012-10-08,3.905
151,2012-10-09,3.963
152,2012-10-10,3.877
153,2012-10-11,3.771
154,2012-10-12,3.739
155,2012-10-15,3.647
156,2012-10-16,3.707
157,2012-10-17,3.582
158,2012-10-18,3.565
159,2012-10-19,3.577
160,2012-10-22,3.654
161,2012-10-23,3.69
162,2012-10-24,3.69
163,2012-10-25,3.617
164,2012-10-26,3.741
165,2012-10-29,3.657
166,2012-10-30,3.68
167,2012-10-31,3.613
168,2012-11-01,3.644
169,2012-11-02,3.674
170,2012-11-05,3.677
171,2012-11-06,3.629
172,2012-11-07,3.812
173,2012-11-08,3.789
174,2012-11-09,3.677
175,2012-11-12,3.743
176,2012-11-13,3.698
177,2012-11-14,3.644
178,2012-11-15,3.555
179,2012-11-16,3.459
180,2012-11-19,3.432
181,2012-11-20,3.446
182,2012-11-21,3.387
183,2012-11-22,3.347
184,2012-11-23,3.319
185,2012-11-26,3.318
186,2012-11-27,3.247
187,2012-11-28,3.297
188,2012-11-29,3.23
189,2012-11-30,3.31
190,2012-12-03,3.285
191,2012-12-04,3.342
192,2012-12-05,3.419
193,2012-12-06,3.368
194,2012-12-07,3.463
195,2012-12-10,3.444
196,2012-12-11,3.46
197,2012-12-12,3.545
198,2012-12-13,3.485
199,2012-12-14,3.513
200,2012-12-17,3.534
201,2012-12-18,3.567
202,2012-12-19,3.618
203,2012-12-20,3.581
204,2012-12-21,3.581
205,2012-12-24,3.666
206,2012-12-25,3.683
207,2012-12-26,3.575
208,2012-12-27,3.53
209,2012-12-28,3.605
210,2012-12-31,3.584
211,2013-01-01,3.567
212,2013-01-02,3.638
213,2013-01-03,3.677
214,2013-01-04,3.738
215,2013-01-07,3.745
216,2013-01-08,3.713
217,2013-01-09,3.72
218,2013-01-10,3.687
219,2013-01-11,3.602
220,2013-01-14,3.492
221,2013-01-15,3.493
222,2013-01-16,3.498
223,2013-01-17,3.589
224,2013-01-18,3.56
225,2013-01-21,3.609
226,2013-01-22,3.542
227,2013-01-23,3.499
228,2013-01-24,3.506
229,2013-01-25,3.629
230,2013-01-28,3.716
231,2013-01-29,3.679
232,2013-01-30,3.723
233,2013-01-31,3.776
234,2013-02-01,3.82
235,2013-02-04,3.79
236,2013-02-05,3.769
237,2013-02-06,3.757
238,2013-02-07,3.764
239,2013-02-08,3.668
240,2013-02-11,3.581
241,2013-02-12,3.619
242,2013-02-13,3.629
243,2013-02-14,3.707
244,2013-02-15,3.569
245,2013-02-18,3.496
246,2013-02-19,3.62
247,2013-02-20,3.581
248,2013-02-21,3.513
249,2013-02-22,3.445
250,2013-02-25,3.466
251,2013-02-26,3.498
252,2013-02-27,3.519
253,2013-02-28,3.559
254,2013-03-01,3.574
255,2013-03-04,3.617
256,2013-03-05,3.566
257,2013-03-06,3.605
258,2013-03-07,3.66
259,2013-03-08,3.617
260,2013-03-11,3.556
261,2013-03-12,3.674
262,2013-03-13,3.702
263,2013-03-14,3.768
264,2013-03-15,3.789
265,2013-03-18,3.818
266,2013-03-19,3.895
267,2013-03-20,3.895
268,2013-03-21,3.954
269,2013-03-22,3.988
270,2013-03-25,3.976
271,2013-03-26,3.96
272,2013-03-27,4.132
273,2013-03-28,4.114
274,2013-03-29,4.232
275,2013-04-01,4.237
276,2013-04-02,4.337
277,2013-04-03,4.409
278,2013-04-04,4.351
279,2013-04-05,4.279
280,2013-04-08,4.287
281,2013-04-09,4.251
282,2013-04-10,4.46
283,2013-04-11,4.418
284,2013-04-12,4.463
285,2013-04-15,4.416
286,2013-04-16,4.416
287,2013-04-17,4.433
288,2013-04-18,4.407
289,2013-04-19,4.427
290,2013-04-22,4.23
291,2013-04-23,4.23
292,2013-04-24,4.321
293,2013-04-25,4.304
294,2013-04-26,4.306
295,2013-04-29,4.299
296,2013-04-30,4.216
297,2013-05-01,4.005
298,2013-05-02,4.053
299,2013-05-03,4.274
300,2013-05-06,4.369
301,2013-05-07,4.325
302,2013-05-08,4.382
303,2013-05-09,4.326
304,2013-05-10,4.326
305,2013-05-13,4.431
306,2013-05-14,4.689
307,2013-05-15,4.73
308,2013-05-16,5.182
309,2013-05-17,4.847
310,2013-05-20,5.033
311,2013-05-21,5.557
312,2013-05-22,5.011
313,2013-05-23,4.943
314,2013-05-24,4.905
315,2013-05-27,5.375
316,2013-05-28,5.03
317,2013-05-29,4.931
318,2013-05-30,4.775
319,2013-05-31,4.579
320,2013-06-03,4.824
321,2013-06-04,4.822
322,2013-06-05,5.223
323,2013-06-06,5.214
324,2013-06-07,5.214
325,2013-06-10,5.551
326,2013-06-11,6.149
327,2013-06-12,6.064
328,2013-06-13,6.135
329,2013-06-14,5.445
330,2013-06-17,5.096
331,2013-06-18,4.855
332,2013-06-19,4.511
333,2013-06-20,4.609
334,2013-06-21,4.492
335,2013-06-24,4.667
336,2013-06-25,4.523
337,2013-06-26,4.662
338,2013-06-27,4.618
339,2013-06-28,4.651
340,2013-07-01,4.605
341,2013-07-02,4.49
342,2013-07-03,4.383
343,2013-07-04,4.425
344,2013-07-05,4.536
345,2013-07-08,4.456
346,2013-07-09,4.484
347,2013-07-10,4.369
348,2013-07-11,4.313
349,2013-07-12,4.276
350,2013-07-15,4.411
351,2013-07-16,4.402
352,2013-07-17,4.584
353,2013-07-18,4.485
354,2013-07-19,4.371
355,2013-07-22,4.276
356,2013-07-23,4.364
357,2013-07-24,4.47
358,2013-07-25,4.439
359,2013-07-26,4.476
360,2013-07-29,4.534
361,2013-07-30,4.586
362,2013-07-31,4.655
363,2013-08-01,4.62
364,2013-08-02,4.56
365,2013-08-05,4.567
366,2013-08-06,4.53
367,2013-08-07,4.741
368,2013-08-08,4.741
369,2013-08-09,4.697
370,2013-08-12,4.739
371,2013-08-13,4.73
372,2013-08-14,4.705
373,2013-08-15,4.647
374,2013-08-16,4.795
375,2013-08-19,4.831
376,2013-08-20,4.815
377,2013-08-21,4.719
378,2013-08-22,4.674
379,2013-08-23,4.688
380,2013-08-26,4.799
381,2013-08-27,4.74
382,2013-08-28,4.572
383,2013-08-29,4.531
384,2013-08-30,4.434
385,2013-09-02,4.358
386,2013-09-03,4.367
387,2013-09-04,4.469
388,2013-09-05,4.413
389,2013-09-06,4.47
390,2013-09-09,4.552
391,2013-09-10,4.473
392,2013-09-11,4.359
393,2013-09-12,4.405
394,2013-09-13,4.405
395,2013-09-16,4.505
396,2013-09-17,4.619
397,2013-09-18,4.559
398,2013-09-19,4.542
399,2013-09-20,4.612
400,2013-09-23,4.629
401,2013-09-24,4.64
402,2013-09-25,4.701
403,2013-09-26,4.71
404,2013-09-27,4.645
405,2013-09-30,4.53
406,2013-10-01,4.508
407,2013-10-02,4.762
408,2013-10-03,4.739
409,2013-10-04,4.707
410,2013-10-07,4.709
411,2013-10-08,4.659
412,2013-10-09,4.584
413,2013-10-10,4.531
414,2013-10-11,4.446
415,2013-10-14,4.535
416,2013-10-15,4.553
417,2013-10-16,4.4
418,2013-10-17,4.409
419,2013-10-18,4.461
420,2013-10-21,4.455
421,2013-10-22,4.357
422,2013-10-23,4.406
423,2013-10-24,4.406
424,2013-10-25,4.225
425,2013-10-28,4.204
426,2013-10-29,4.17
427,2013-10-30,4.12
428,2013-10-31,4.146
429,2013-11-01,4.147
430,2013-11-04,4.097
431,2013-11-05,4.119
432,2013-11-06,3.954
433,2013-11-07,3.951
434,2013-11-08,3.849
435,2013-11-11,3.772
436,2013-11-12,3.762
437,2013-11-13,3.847
438,2013-11-14,3.781
439,2013-11-15,3.747
440,2013-11-18,3.808
441,2013-11-19,3.786
442,2013-11-20,3.841
443,2013-11-21,3.798
444,2013-11-22,3.834
445,2013-11-25,3.897
446,2013-11-26,3.933
447,2013-11-27,3.876
448,2013-11-28,3.962
449,2013-11-29,3.965
450,2013-12-02,3.974
451,2013-12-03,3.831
452,2013-12-04,3.906
453,2013-12-05,3.776
454,2013-12-06,3.792
455,2013-12-09,3.877
456,2013-12-10,3.823
457,2013-12-11,3.889
458,2013-12-12,3.84
459,2013-12-13,3.937
460,2013-12-16,3.911
461,2013-12-17,3.957
462,2013-12-18,4.044
463,2013-12-19,4.065
464,2013-12-20,4.065
465,2013-12-23,3.89
466,2013-12-24,3.847
467,2013-12-25,3.819
468,2013-12-26,3.793
469,2013-12-27,3.876
470,2013-12-30,3.984
471,2013-12-31,3.954
472,2014-01-01,3.823
473,2014-01-02,3.857
474,2014-01-03,3.931
475,2014-01-06,3.995
476,2014-01-07,4.013
477,2014-01-08,3.91
478,2014-01-09,3.837
479,2014-01-10,3.85
480,2014-01-13,3.816
481,2014-01-14,3.911
482,2014-01-15,3.971
483,2014-01-16,3.984
484,2014-01-17,4.154
485,2014-01-20,4.121
486,2014-01-21,4.023
487,2014-01-22,3.932
488,2014-01-23,4.039
489,2014-01-24,3.898
490,2014-01-27,3.957
491,2014-01-28,3.855
492,2014-01-29,3.845
493,2014-01-30,3.859
494,2014-01-31,3.916
495,2014-02-03,3.816
496,2014-02-04,3.8
497,2014-02-05,3.796
498,2014-02-06,3.766
499,2014-02-07,3.67
500,2014-02-10,3.711
501,2014-02-11,3.659
502,2014-02-12,3.622
503,2014-02-13,3.623
504,2014-02-14,3.561
505,2014-02-17,3.649
506,2014-02-18,3.728
507,2014-02-19,3.827
508,2014-02-20,3.873
509,2014-02-21,4.046
510,2014-02-24,4.129
511,2014-02-25,4.194
512,2014-02-26,4.404
513,2014-02-27,4.412
514,2014-02-28,4.255
515,2014-03-03,4.247
516,2014-03-04,4.185
517,2014-03-05,3.977
518,2014-03-06,4.02
519,2014-03-07,4.341
520,2014-03-10,4.244
521,2014-03-11,4.371
522,2014-03-12,4.489
523,2014-03-13,4.266
524,2014-03-14,4.151
525,2014-03-17,4.282
526,2014-03-18,4.355
527,2014-03-19,4.355
528,2014-03-20,4.088
529,2014-03-21,4.007
530,2014-03-24,3.874
531,2014-03-25,3.805
532,2014-03-26,3.649
533,2014-03-27,3.802
534,2014-03-28,3.595
535,2014-03-31,3.652
536,2014-04-01,3.706
537,2014-04-02,3.634
538,2014-04-03,3.795
539,2014-04-04,3.719
540,2014-04-07,3.619
541,2014-04-08,3.702
542,2014-04-09,3.642
543,2014-04-10,3.464
544,2014-04-11,3.144
545,2014-04-14,3.171
546,2014-04-15,3.03
547,2014-04-16,3.03
548,2014-04-17,3.007
549,2014-04-18,3.189
550,2014-04-21,3.094
551,2014-04-22,2.889
552,2014-04-23,2.889
553,2014-04-24,3.003
554,2014-04-25,2.882
555,2014-04-28,2.938
556,2014-04-29,2.871
557,2014-04-30,2.927
558,2014-05-01,2.946
559,2014-05-02,2.795
560,2014-05-05,2.943
561,2014-05-06,3.233
562,2014-05-07,3.158
563,2014-05-08,3.127
564,2014-05-09,3.127
565,2014-05-12,2.831
566,2014-05-13,2.974
567,2014-05-14,2.835
568,2014-05-15,2.986
569,2014-05-16,2.881
570,2014-05-19,2.981
571,2014-05-20,2.866
572,2014-05-21,2.719
573,2014-05-22,2.691
574,2014-05-23,2.68
575,2014-05-26,2.754
576,2014-05-27,2.662
577,2014-05-28,2.6
578,2014-05-29,2.579
579,2014-05-30,2.597
580,2014-06-02,2.677
581,2014-06-03,2.797
582,2014-06-04,2.713
583,2014-06-05,2.804
584,2014-06-06,2.804
585,2014-06-09,2.759
586,2014-06-10,2.831
587,2014-06-11,2.834
588,2014-06-12,2.951
589,2014-06-13,2.879
590,2014-06-16,2.902
591,2014-06-17,2.894
592,2014-06-18,2.697
593,2014-06-19,2.734
594,2014-06-20,2.698
595,2014-06-23,2.712
596,2014-06-24,2.769
597,2014-06-25,2.841
598,2014-06-26,2.839
599,2014-06-27,2.678
600,2014-06-30,2.732
601,2014-07-01,2.824
602,2014-07-02,2.734
603,2014-07-03,2.727
604,2014-07-04,2.716
605,2014-07-07,2.855
606,2014-07-08,2.92
607,2014-07-09,2.813
608,2014-07-10,2.786
609,2014-07-11,2.733
610,2014-07-14,2.786
611,2014-07-15,2.723
612,2014-07-16,2.672
613,2014-07-17,2.59
614,2014-07-18,2.644
615,2014-07-21,2.64
616,2014-07-22,2.605
617,2014-07-23,2.713
618,2014-07-24,2.713
619,2014-07-25,2.65
620,2014-07-28,2.68
621,2014-07-29,2.619
622,2014-07-30,2.528
623,2014-07-31,2.511
624,2014-08-01,2.511
625,2014-08-04,2.53
626,2014-08-05,2.61
627,2014-08-06,2.684
628,2014-08-07,2.634
629,2014-08-08,2.536
630,2014-08-11,2.575
631,2014-08-12,2.606
632,2014-08-13,2.531
633,2014-08-14,2.531
634,2014-08-15,2.49
635,2014-08-18,2.517
636,2014-08-19,2.606
637,2014-08-20,2.751
638,2014-08-21,2.776
639,2014-08-22,2.821
640,2014-08-25,2.78
641,2014-08-26,2.776
642,2014-08-27,2.734
643,2014-08-28,2.88
644,2014-08-29,2.802
645,2014-09-01,2.897
646,2014-09-02,2.935
647,2014-09-03,3.008
648,2014-09-04,3.016
649,2014-09-05,3.01
650,2014-09-08,2.948
651,2014-09-09,2.915
652,2014-09-10,2.949
653,2014-09-11,2.887
654,2014-09-12,2.887
655,2014-09-15,2.822
656,2014-09-16,2.815
657,2014-09-17,2.706
658,2014-09-18,2.642
659,2014-09-19,2.649
660,2014-09-22,2.698
661,2014-09-23,2.634
662,2014-09-24,2.626
663,2014-09-25,2.59
664,2014-09-26,2.705
665,2014-09-29,2.846
666,2014-09-30,2.891
667,2014-10-01,2.825
668,2014-10-02,2.75
669,2014-10-03,2.889
670,2014-10-06,2.894
671,2014-10-07,2.855
672,2014-10-08,2.777
673,2014-10-09,2.749
674,2014-10-10,2.738
675,2014-10-13,2.727
676,2014-10-14,2.769
677,2014-10-15,2.871
678,2014-10-16,2.773
679,2014-10-17,2.805
680,2014-10-20,2.832
681,2014-10-21,2.783
682,2014-10-22,2.822
683,2014-10-23,2.822
684,2014-10-24,2.756
685,2014-10-27,2.716
686,2014-10-28,2.685
687,2014-10-29,2.726
688,2014-10-30,2.77
689,2014-10-31,2.864
690,2014-11-03,2.84
691,2014-11-04,2.918
692,2014-11-05,2.854
693,2014-11-06,2.87
694,2014-11-07,2.823
695,2014-11-10,2.882
696,2014-11-11,2.897
697,2014-11-12,2.816
698,2014-11-13,2.776
699,2014-11-14,2.789
700,2014-11-17,2.821
701,2014-11-18,2.886
702,2014-11-19,2.768
703,2014-11-20,2.716
704,2014-11-21,2.748
705,2014-11-24,2.812
706,2014-11-25,2.798
707,2014-11-26,2.813
708,2014-11-27,2.798
709,2014-11-28,2.842
710,2014-12-01,2.844
711,2014-12-02,2.931
712,2014-12-03,2.787
713,2014-12-04,2.801
714,2014-12-05,2.728
715,2014-12-08,2.704
716,2014-12-09,2.716
717,2014-12-10,2.755
718,2014-12-11,2.676
719,2014-12-12,2.65
720,2014-12-15,2.685
721,2014-12-16,2.693
722,2014-12-17,2.638
723,2014-12-18,2.715
724,2014-12-19,2.689
725,2014-12-22,2.702
726,2014-12-23,2.648
727,2014-12-24,2.725
728,2014-12-25,2.655
729,2014-12-26,2.655
730,2014-12-29,2.71
731,2014-12-30,2.651
732,2014-12-31,2.683
733,2015-01-01,2.693
734,2015-01-02,2.758
735,2015-01-05,2.728
736,2015-01-06,2.66
737,2015-01-07,2.652
738,2015-01-08,2.605
739,2015-01-09,2.573
740,2015-01-12,2.577
741,2015-01-13,2.569
742,2015-01-14,2.591
743,2015-01-15,2.564
744,2015-01-16,2.563
745,2015-01-19,2.586
746,2015-01-20,2.524
747,2015-01-21,2.433
748,2015-01-22,2.451
749,2015-01-23,2.45
750,2015-01-26,2.47
751,2015-01-27,2.474
752,2015-01-28,2.498
753,2015-01-29,2.502
754,2015-01-30,2.535
755,2015-02-02,2.498
756,2015-02-03,2.518
757,2015-02-04,2.453
758,2015-02-05,2.43
759,2015-02-06,2.442
760,2015-02-09,2.476
761,2015-02-10,2.404
762,2015-02-11,2.386
763,2015-02-12,2.286
764,2015-02-13,2.062
765,2015-02-16,2.092
766,2015-02-17,2.033
767,2015-02-18,2.257
768,2015-02-19,2.321
769,2015-02-20,2.256
770,2015-02-23,2.253
771,2015-02-24,2.262
772,2015-02-25,2.364
773,2015-02-26,2.371
774,2015-02-27,2.3
775,2015-03-02,2.32
776,2015-03-03,2.263
777,2015-03-04,2.26
778,2015-03-05,2.361
779,2015-03-06,2.385
780,2015-03-09,2.371
781,2015-03-10,2.347
782,2015-03-11,2.276
783,2015-03-12,2.145
784,2015-03-13,2.21
785,2015-03-16,2.2
786,2015-03-17,2.206
787,2015-03-18,2.206
788,2015-03-19,2.212
789,2015-03-20,2.235
790,2015-03-23,2.231
791,2015-03-24,2.165
792,2015-03-25,2.181
793,2015-03-26,2.186
794,2015-03-27,2.067
795,2015-03-30,2.07
796,2015-03-31,2.062
797,2015-04-01,2.015
798,2015-04-02,1.99
799,2015-04-03,1.894
800,2015-04-06,1.822
801,2015-04-07,1.79
802,2015-04-08,1.755
803,2015-04-09,1.767
804,2015-04-10,1.911
805,2015-04-13,1.888
806,2015-04-14,1.983
807,2015-04-15,2.029
808,2015-04-16,2.029
809,2015-04-17,2.228
810,2015-04-20,2.37
811,2015-04-21,2.37
812,2015-04-22,2.337
813,2015-04-23,2.334
814,2015-04-24,2.325
815,2015-04-27,2.267
816,2015-04-28,2.382
817,2015-04-29,2.472
818,2015-04-30,2.396
819,2015-05-01,2.257
820,2015-05-04,2.269
821,2015-05-05,2.139
822,2015-05-06,2.1
823,2015-05-07,2.091
824,2015-05-08,2.118
825,2015-05-11,2.138
826,2015-05-12,2.139
827,2015-05-13,2.158
828,2015-05-14,2.18
829,2015-05-15,2.189
830,2015-05-18,2.182
831,2015-05-19,2.298
832,2015-05-20,2.152
833,2015-05-21,2.025
834,2015-05-22,2.038
835,2015-05-25,1.972
836,2015-05-26,2.063
837,2015-05-27,2.14
838,2015-05-28,2.098
839,2015-05-29,2.046
840,2015-06-01,1.994
841,2015-06-02,1.966
842,2015-06-03,1.903
843,2015-06-04,1.942
844,2015-06-05,1.852
845,2015-06-08,1.804
846,2015-06-09,1.821
847,2015-06-10,1.782
848,2015-06-11,1.778
849,2015-06-12,1.711
850,2015-06-15,1.791
851,2015-06-16,1.711
852,2015-06-17,1.742
853,2015-06-18,1.678
854,2015-06-19,1.639
855,2015-06-22,1.666
856,2015-06-23,1.69
857,2015-06-24,1.712
858,2015-06-25,1.752
859,2015-06-26,1.788
860,2015-06-29,1.822
861,2015-06-30,1.819
862,2015-07-01,1.851
863,2015-07-02,1.936
864,2015-07-03,1.936
865,2015-07-06,1.907
866,2015-07-07,1.828
867,2015-07-08,1.863
868,2015-07-09,1.794
869,2015-07-10,1.806
870,2015-07-13,1.848
871,2015-07-14,1.981
872,2015-07-15,1.996
873,2015-07-16,1.959
874,2015-07-17,1.956
875,2015-07-20,1.998
876,2015-07-21,1.954
877,2015-07-22,1.911
878,2015-07-23,2.018
879,2015-07-24,1.99
880,2015-07-27,1.912
881,2015-07-28,2.004
882,2015-07-29,2.036
883,2015-07-30,1.97
884,2015-07-31,1.902
885,2015-08-03,1.94
886,2015-08-04,2.088
887,2015-08-05,2.069
888,2015-08-06,2.068
889,2015-08-07,2.14
890,2015-08-10,2.063
891,2015-08-11,2.032
892,2015-08-12,2.153
893,2015-08-13,2.078
894,2015-08-14,2.178
895,2015-08-17,2.042
896,2015-08-18,2.086
897,2015-08-19,2.141
898,2015-08-20,2.076
899,2015-08-21,2.101
900,2015-08-24,2.098
901,2015-08-25,2.158
902,2015-08-26,2.173
903,2015-08-27,2.155
904,2015-08-28,2.096
905,2015-08-31,2.029
906,2015-09-01,2.048
907,2015-09-02,2.001
908,2015-09-03,2.039
909,2015-09-04,2.062
910,2015-09-07,2.055
911,2015-09-08,1.98
912,2015-09-09,1.992
913,2015-09-10,2.151
914,2015-09-11,2.169
915,2015-09-14,2.288
916,2015-09-15,2.381
917,2015-09-16,2.405
918,2015-09-17,2.398
919,2015-09-18,2.466
920,2015-09-21,2.474
921,2015-09-22,2.468
922,2015-09-23,2.617
923,2015-09-24,2.556
924,2015-09-25,2.585
925,2015-09-28,2.604
926,2015-09-29,2.595
927,2015-09-30,2.58
928,2015-10-01,2.623
929,2015-10-02,2.747
930,2015-10-05,2.768
931,2015-10-06,2.677
932,2015-10-07,2.698
933,2015-10-08,2.662
934,2015-10-09,2.716
935,2015-10-12,2.89
936,2015-10-13,2.863
937,2015-10-14,2.924
938,2015-10-15,2.987
939,2015-10-16,2.764
940,2015-10-19,2.786
941,2015-10-20,2.777
942,2015-10-21,2.801
943,2015-10-22,2.702
944,2015-10-23,2.734
945,2015-10-26,2.727
946,2015-10-27,2.756
947,2015-10-28,2.722
948,2015-10-29,2.728
949,2015-10-30,2.658
950,2015-11-02,2.692
951,2015-11-03,2.777
952,2015-11-04,2.747
953,2015-11-05,2.712
954,2015-11-06,2.66
955,2015-11-09,2.873
956,2015-11-10,2.873
957,2015-11-11,2.876
958,2015-11-12,2.771
959,2015-11-13,2.733
960,2015-11-16,2.839
961,2015-11-17,2.834
962,2015-11-18,2.772
963,2015-11-19,2.748
964,2015-11-20,2.615
965,2015-11-23,2.561
966,2015-11-24,2.551
967,2015-11-25,2.586
968,2015-11-26,2.59
969,2015-11-27,2.617
970,2015-11-30,2.619
971,2015-12-01,2.674
972,2015-12-02,2.584
973,2015-12-03,2.679
974,2015-12-04,2.761
975,2015-12-07,2.796
976,2015-12-08,2.846
977,2015-12-09,2.871
978,2015-12-10,2.853
979,2015-12-11,2.827
980,2015-12-14,2.887
981,2015-12-15,2.792
982,2015-12-16,2.717
983,2015-12-17,2.676
984,2015-12-18,2.676
985,2015-12-21,2.806
986,2015-12-22,2.797
987,2015-12-23,2.915
988,2015-12-24,2.909
989,2015-12-25,2.889
990,2015-12-28,2.927
991,2015-12-29,2.948
992,2015-12-30,2.934
993,2015-12-31,3.047
994,2016-01-04,3.057
995,2016-01-05,2.99
996,2016-01-06,2.955
997,2016-01-07,2.997
998,2016-01-08,2.996
999,2016-01-11,2.952
1000,2016-01-12,2.959
1001,2016-01-13,2.906
1002,2016-01-14,2.923
1003,2016-01-15,2.964
1004,2016-01-19,3.041
1005,2016-01-20,3.049
1006,2016-01-21,3.193
1007,2016-01-22,3.275
1008,2016-01-25,3.237
1009,2016-01-26,3.21
1010,2016-01-27,3.341
1011,2016-01-28,3.285
1012,2016-01-29,3.244
1013,2016-02-01,3.263
1014,2016-02-02,3.17
1015,2016-02-03,3.141
1016,2016-02-04,2.993
1017,2016-02-05,2.831
1018,2016-02-08,2.774
1019,2016-02-09,2.731
1020,2016-02-10,2.764
1021,2016-02-11,3.105
1022,2016-02-12,3.026
1023,2016-02-16,2.902
1024,2016-02-17,2.792
1025,2016-02-18,2.769
1026,2016-02-19,2.767
1027,2016-02-22,2.816
1028,2016-02-23,2.633
1029,2016-02-24,2.69
1030,2016-02-25,2.632
1031,2016-02-26,2.619
1032,2016-02-29,2.749
1033,2016-03-01,2.709
1034,2016-03-02,2.764
1035,2016-03-03,2.703
1036,2016-03-04,2.843
1037,2016-03-07,2.95
1038,2016-03-08,2.982
1039,2016-03-09,3.026
1040,2016-03-10,3.085
1041,2016-03-11,3.232
1042,2016-03-14,3.315
1043,2016-03-15,3.352
1044,2016-03-16,3.505
1045,2016-03-17,3.436
1046,2016-03-18,3.654
1047,2016-03-21,3.635
1048,2016-03-22,3.603
1049,2016-03-23,3.695
1050,2016-03-24,3.746
1051,2016-03-28,3.507
1052,2016-03-29,3.474
1053,2016-03-30,3.54
1054,2016-03-31,3.434
1055,2016-04-01,3.415
1056,2016-04-04,3.392
1057,2016-04-05,3.263
1058,2016-04-06,3.542
1059,2016-04-07,3.662
1060,2016-04-08,3.662
1061,2016-04-11,3.761
1062,2016-04-12,3.93
1063,2016-04-13,3.802
1064,2016-04-14,3.724
1065,2016-04-15,3.327
1066,2016-04-18,3.267
1067,2016-04-19,3.273
1068,2016-04-20,3.285
1069,2016-04-21,3.103
1070,2016-04-22,3.278
1071,2016-04-25,3.224
1072,2016-04-26,3.386
1073,2016-04-27,3.419
1074,2016-04-28,3.412
1075,2016-04-29,3.302
1076,2016-05-02,3.368
1077,2016-05-03,3.204
1078,2016-05-04,3.243
1079,2016-05-05,3.279
1080,2016-05-06,3.332
1081,2016-05-09,3.382
1082,2016-05-10,3.358
1083,2016-05-11,3.232
1084,2016-05-12,3.117
1085,2016-05-13,3.168
1086,2016-05-16,3.187
1087,2016-05-17,3.063
1088,2016-05-18,3.05
1089,2016-05-19,3.13
1090,2016-05-20,3.126
1091,2016-05-23,3.141
1092,2016-05-24,3.034
1093,2016-05-25,2.944
1094,2016-05-26,2.905
1095,2016-05-27,2.925
1096,2016-05-31,2.854
1097,2016-06-01,2.834
1098,2016-06-02,2.564
1099,2016-06-03,2.592
1100,2016-06-06,2.617
1101,2016-06-07,2.787
1102,2016-06-08,2.693
1103,2016-06-09,2.774
1104,2016-06-10,2.799
1105,2016-06-13,2.804
1106,2016-06-14,2.827
1107,2016-06-15,2.901
1108,2016-06-16,2.824
1109,2016-06-17,2.901
1110,2016-06-20,2.974
1111,2016-06-21,3.008
1112,2016-06-22,3.043
1113,2016-06-23,2.938
1114,2016-06-24,2.981
1115,2016-06-27,2.902
1116,2016-06-28,2.948
1117,2016-06-29,3.041
1118,2016-06-30,3.093
1119,2016-07-01,3.011
1120,2016-07-05,3.051
1121,2016-07-06,3.076
1122,2016-07-07,3.052
1123,2016-07-08,3.096
1124,2016-07-11,3.175
1125,2016-07-12,3.191
1126,2016-07-13,3.19
1127,2016-07-14,3.128
1128,2016-07-15,3.293
1129,2016-07-18,3.266
1130,2016-07-19,3.331
1131,2016-07-20,3.261
1132,2016-07-21,3.238
1133,2016-07-22,3.15
1134,2016-07-25,3.187
1135,2016-07-26,3.227
1136,2016-07-27,3.163
1137,2016-07-28,3.145
1138,2016-07-29,3.185
1139,2016-08-01,3.159
1140,2016-08-02,3.101
1141,2016-08-03,3.066
1142,2016-08-04,3.043
1143,2016-08-05,3.142
1144,2016-08-08,3.239
1145,2016-08-09,3.276
1146,2016-08-10,3.215
1147,2016-08-11,3.195
1148,2016-08-12,3.228
1149,2016-08-15,3.186
1150,2016-08-16,3.266
1151,2016-08-17,3.172
1152,2016-08-18,3.227
1153,2016-08-19,3.292
1154,2016-08-22,3.376
1155,2016-08-23,3.424
1156,2016-08-24,3.349
1157,2016-08-25,3.23
1158,2016-08-26,3.192
1159,2016-08-29,3.182
1160,2016-08-30,3.256
1161,2016-08-31,3.33
1162,2016-09-01,3.219
1163,2016-09-02,3.209
1164,2016-09-06,3.184
1165,2016-09-07,3.31
1166,2016-09-08,3.145
1167,2016-09-09,3.071
1168,2016-09-12,3.008
1169,2016-09-13,2.999
1170,2016-09-14,2.982
1171,2016-09-15,3.042
1172,2016-09-16,3.02
1173,2016-09-19,3.028
1174,2016-09-20,3.039
1175,2016-09-21,3.024
1176,2016-09-22,2.966
1177,2016-09-23,2.933
1178,2016-09-26,3.056
1179,2016-09-27,3.037
1180,2016-09-28,2.894
1181,2016-09-29,2.907
1182,2016-09-30,2.893
1183,2016-10-03,2.894
1184,2016-10-04,2.929
1185,2016-10-05,3.027
1186,2016-10-06,3.037
1187,2016-10-07,3.067
1188,2016-10-10,3.042
1189,2016-10-11,3.035
1190,2016-10-12,2.951
1191,2016-10-13,2.84
1192,2016-10-14,2.888
1193,2016-10-17,2.864
1194,2016-10-18,2.929
1195,2016-10-19,3.047
1196,2016-10-20,2.985
1197,2016-10-21,2.961
1198,2016-10-24,2.98
1199,2016-10-25,3.02
1200,2016-10-26,3.088
1201,2016-10-27,3.066
1202,2016-10-28,3.043
1203,2016-10-31,2.97
1204,2016-11-01,2.899
1205,2016-11-02,2.944
1206,2016-11-03,2.924
1207,2016-11-04,2.969
1208,2016-11-07,2.941
1209,2016-11-08,2.794
1210,2016-11-09,2.819
1211,2016-11-10,2.811
1212,2016-11-11,2.8
1213,2016-11-14,2.774
1214,2016-11-15,2.801
1215,2016-11-16,2.822
1216,2016-11-17,2.883
1217,2016-11-18,2.985
1218,2016-11-21,2.983
1219,2016-11-22,2.959
1220,2016-11-23,2.935
1221,2016-11-25,2.89
1222,2016-11-28,2.929
1223,2016-11-29,2.893
1224,2016-11-30,2.962
1225,2016-12-01,2.939
1226,2016-12-02,2.928
1227,2016-12-05,2.949
1228,2016-12-06,2.892
1229,2016-12-07,2.925
1230,2016-12-08,2.961
1231,2016-12-09,2.939
1232,2016-12-12,3.04
1233,2016-12-13,3.07
1234,2016-12-14,2.972
1235,2016-12-15,3.0
1236,2016-12-16,2.981
1237,2016-12-19,2.89
1238,2016-12-20,2.95
1239,2016-12-21,3.001
1240,2016-12-22,3.058
1241,2016-12-23,3.07
1242,2016-12-27,3.024
1243,2016-12-28,3.146
1244,2016-12-29,3.122
1245,2016-12-30,3.094
1246,2017-01-03,2.946
1247,2017-01-04,2.959
1248,2017-01-05,2.919
1249,2017-01-06,2.918
1250,2017-01-09,2.974
1251,2017-01-10,3.017
1252,2017-01-11,3.007
1253,2017-01-12,2.916
1254,2017-01-13,2.895
1255,2017-01-17,2.94
1256,2017-01-18,2.923
1257,2017-01-19,2.863
1258,2017-01-20,2.833
1259,2017-01-23,2.891
1260,2017-01-24,2.889
1261,2017-01-25,2.989
1262,2017-01-26,3.0
1263,2017-01-27,2.946
1264,2017-01-30,2.962
1265,2017-01-31,2.854
1266,2017-02-01,2.873
1267,2017-02-02,2.915
1268,2017-02-03,2.991
1269,2017-02-06,2.974
1270,2017-02-07,2.919
1271,2017-02-08,2.89
1272,2017-02-09,2.964
1273,2017-02-10,2.966
1274,2017-02-13,2.896
1275,2017-02-14,2.893
1276,2017-02-15,2.935
1277,2017-02-16,2.984
1278,2017-02-17,3.134
1279,2017-02-21,3.152
1280,2017-02-22,3.175
1281,2017-02-23,3.2
1282,2017-02-24,3.213
1283,2017-02-27,3.167
1284,2017-02-28,3.102
1285,2017-03-01,3.08
1286,2017-03-02,3.053
1287,2017-03-03,3.097
1288,2017-03-06,3.047
1289,2017-03-07,3.017
1290,2017-03-08,2.968
1291,2017-03-09,2.813
1292,2017-03-10,2.928
1293,2017-03-13,3.074
1294,2017-03-14,3.179
1295,2017-03-15,3.025
1296,2017-03-16,3.061
1297,2017-03-17,2.985
1298,2017-03-20,2.914
1299,2017-03-21,2.922
1300,2017-03-22,2.763
1301,2017-03-23,2.772
1302,2017-03-24,2.828
1303,2017-03-27,2.678
1304,2017-03-28,2.715
1305,2017-03-29,2.684
1306,2017-03-30,2.612
1307,2017-03-31,2.745
1308,2017-04-03,2.692
1309,2017-04-04,2.637
1310,2017-04-05,2.598
1311,2017-04-06,2.667
1312,2017-04-07,2.643
1313,2017-04-10,2.738
1314,2017-04-11,2.914
1315,2017-04-12,2.953
1316,2017-04-13,3.056
1317,2017-04-17,3.008
1318,2017-04-18,2.88
1319,2017-04-19,2.795
1320,2017-04-20,2.835
1321,2017-04-21,2.923
1322,2017-04-24,2.906
1323,2017-04-25,3.084
1324,2017-04-26,3.2
1325,2017-04-27,3.129
1326,2017-04-28,3.232
1327,2017-05-01,3.189
1328,2017-05-02,3.185
1329,2017-05-03,3.224
1330,2017-05-04,3.444
1331,2017-05-05,3.509
1332,2017-05-08,3.447
1333,2017-05-09,3.505
1334,2017-05-10,3.631
1335,2017-05-11,3.195
1336,2017-05-12,2.995
1337,2017-05-15,2.856
1338,2017-05-16,2.846
1339,2017-05-17,2.747
1340,2017-05-18,2.759
1341,2017-05-19,2.702
1342,2017-05-22,2.697
1343,2017-05-23,2.584
1344,2017-05-24,2.552
1345,2017-05-25,2.594
1346,2017-05-26,2.587
1347,2017-05-30,2.58
1348,2017-05-31,2.558
1349,2017-06-01,2.616
1350,2017-06-02,2.659
1351,2017-06-05,2.634
1352,2017-06-06,2.625
1353,2017-06-07,2.639
1354,2017-06-08,2.683
1355,2017-06-09,2.667
1356,2017-06-12,2.698
1357,2017-06-13,2.695
1358,2017-06-14,2.704
1359,2017-06-15,2.749
1360,2017-06-16,2.777
1361,2017-06-19,2.756
1362,2017-06-20,2.732
1363,2017-06-21,2.778
1364,2017-06-22,2.786
1365,2017-06-23,2.731
1366,2017-06-26,2.681
1367,2017-06-27,2.688
1368,2017-06-28,2.651
1369,2017-06-29,2.675
1370,2017-06-30,2.638
1371,2017-07-03,2.617
1372,2017-07-05,2.591
1373,2017-07-06,2.618
1374,2017-07-07,2.691
1375,2017-07-10,2.698
1376,2017-07-11,2.733
1377,2017-07-12,2.683
1378,2017-07-13,2.697
1379,2017-07-14,2.718
1380,2017-07-17,2.675
1381,2017-07-18,2.701
1382,2017-07-19,2.693
1383,2017-07-20,2.656
1384,2017-07-21,2.675
1385,2017-07-24,2.686
1386,2017-07-25,2.735
1387,2017-07-26,2.752
1388,2017-07-27,2.738
1389,2017-07-28,2.739
1390,2017-07-31,2.66
1391,2017-08-01,2.739
1392,2017-08-02,2.74
1393,2017-08-03,2.781
1394,2017-08-04,2.786
1395,2017-08-07,2.821
1396,2017-08-08,2.771
1397,2017-08-09,2.763
1398,2017-08-10,2.802
1399,2017-08-11,2.754
1400,2017-08-14,2.726
1401,2017-08-15,2.711
1402,2017-08-16,2.741
1403,2017-08-17,2.732
1404,2017-08-18,2.737
1405,2017-08-21,2.814
1406,2017-08-22,2.806
1407,2017-08-23,2.842
1408,2017-08-24,2.836
1409,2017-08-25,2.815
1410,2017-08-28,2.859
1411,2017-08-29,2.847
1412,2017-08-30,2.81
1413,2017-08-31,2.908
1414,2017-09-01,2.914
1415,2017-09-05,2.94
1416,2017-09-06,2.939
1417,2017-09-07,2.875
1418,2017-09-08,2.885
1419,2017-09-11,2.952
1420,2017-09-12,2.962
1421,2017-09-13,2.93
1422,2017-09-14,2.89
1423,2017-09-15,2.896
1424,2017-09-18,2.93
1425,2017-09-19,2.89
1426,2017-09-20,2.949
1427,2017-09-21,2.939
1428,2017-09-22,2.963
1429,2017-09-25,2.965
1430,2017-09-26,3.022
1431,2017-09-27,2.951
1432,2017-09-28,2.9
1433,2017-09-29,2.964
1434,2017-10-02,2.975
1435,2017-10-03,2.945
1436,2017-10-04,2.923
1437,2017-10-05,2.939
1438,2017-10-06,2.996
1439,2017-10-09,2.94
1440,2017-10-10,2.924
1441,2017-10-11,2.862
1442,2017-10-12,2.87
1443,2017-10-13,2.837
1444,2017-10-16,2.858
1445,2017-10-17,2.828
1446,2017-10-18,2.788
1447,2017-10-19,2.829
1448,2017-10-20,2.797
1449,2017-10-23,2.752
1450,2017-10-24,2.759
1451,2017-10-25,2.74
1452,2017-10-26,2.721
1453,2017-10-27,2.769
1454,2017-10-30,2.757
1455,2017-10-31,2.721
1456,2017-11-01,2.732
1457,2017-11-02,2.775
1458,2017-11-03,2.78
1459,2017-11-06,2.822
1460,2017-11-07,2.797
1461,2017-11-08,2.782
1462,2017-11-09,2.758
1463,2017-11-10,2.816
1464,2017-11-13,2.853
1465,2017-11-14,2.86
1466,2017-11-15,2.897
1467,2017-11-16,2.949
1468,2017-11-17,2.955
1469,2017-11-20,2.944
1470,2017-11-21,2.93
1471,2017-11-22,2.959
1472,2017-11-24,2.94
1473,2017-11-27,2.908
1474,2017-11-28,2.946
1475,2017-11-29,2.941
1476,2017-11-30,2.98
1477,2017-12-01,2.956
1478,2017-12-04,2.964
1479,2017-12-05,2.917
1480,2017-12-06,2.876
1481,2017-12-07,2.852
1482,2017-12-08,2.895
1483,2017-12-11,2.874
1484,2017-12-12,2.916
1485,2017-12-13,2.823
1486,2017-12-14,2.795
1487,2017-12-15,2.772
1488,2017-12-18,2.776
1489,2017-12-19,2.804
1490,2017-12-20,2.828
1491,2017-12-21,2.829
1492,2017-12-22,2.817
1493,2017-12-26,2.767
1494,2017-12-27,2.814
1495,2017-12-28,2.933
1496,2017-12-29,2.908
1497,2018-01-02,2.976
1498,2018-01-03,2.977
1499,2018-01-04,3.038
1500,2018-01-05,3.082
1501,2018-01-08,2.98
1502,2018-01-09,3.056
1503,2018-01-10,3.008
1504,2018-01-11,3.094
1505,2018-01-12,3.166
1506,2018-01-16,3.23
1507,2018-01-17,3.165
1508,2018-01-18,3.143
1509,2018-01-19,3.267
1510,2018-01-22,3.266
1511,2018-01-23,3.284
1512,2018-01-24,3.222
1513,2018-01-25,3.161
1514,2018-01-26,3.242
1515,2018-01-29,3.239
1516,2018-01-30,3.32
1517,2018-01-31,3.198
1518,2018-02-01,3.25
1519,2018-02-02,3.138
1520,2018-02-05,3.212
1521,2018-02-06,3.166
1522,2018-02-07,3.202
1523,2018-02-08,3.185
1524,2018-02-09,3.185
1525,2018-02-12,3.187
1526,2018-02-13,3.261
1527,2018-02-14,3.237
1528,2018-02-15,3.284
1529,2018-02-16,3.567
1530,2018-02-20,3.555
1531,2018-02-21,3.555
1532,2018-02-22,3.543
1533,2018-02-23,3.719
1534,2018-02-26,3.788
1535,2018-02-27,4.101
1536,2018-02-28,4.837
1537,2018-03-01,4.038
1538,2018-03-02,4.272
1539,2018-03-05,4.7
1540,2018-03-06,4.523
1541,2018-03-07,4.451
1542,2018-03-08,4.308
1543,2018-03-09,4.248
1544,2018-03-12,4.262
1545,2018-03-13,4.715
1546,2018-03-14,4.646
1547,2018-03-15,4.612
1548,2018-03-16,4.339
1549,2018-03-19,4.457
1550,2018-03-20,4.469
1551,2018-03-21,4.327
1552,2018-03-22,4.488
1553,2018-03-23,4.545
1554,2018-03-26,4.407
1555,2018-03-27,4.136
1556,2018-03-28,4.124
1557,2018-03-29,3.827
1558,2018-04-02,3.528
1559,2018-04-03,3.838
1560,2018-04-04,3.726
1561,2018-04-05,3.583
1562,2018-04-06,3.816
1563,2018-04-09,3.467
1564,2018-04-10,3.543
1565,2018-04-11,3.642
1566,2018-04-12,3.303
1567,2018-04-13,2.94
1568,2018-04-16,2.958
1569,2018-04-17,2.945
1570,2018-04-18,3.044
1571,2018-04-19,2.944
1572,2018-04-20,2.967
1573,2018-04-23,2.984
1574,2018-04-24,2.969
1575,2018-04-25,3.099
1576,2018-04-26,3.591
1577,2018-04-27,3.501
1578,2018-04-30,3.384
1579,2018-05-01,3.413
1580,2018-05-02,3.482
1581,2018-05-03,3.04
1582,2018-05-04,2.98
1583,2018-05-07,3.099
1584,2018-05-08,3.178
1585,2018-05-09,2.911
1586,2018-05-10,2.95
1587,2018-05-11,2.854
1588,2018-05-14,2.814
1589,2018-05-15,2.734
1590,2018-05-16,2.66
1591,2018-05-17,2.662
1592,2018-05-18,2.662
1593,2018-05-21,2.551
1594,2018-05-22,2.583
1595,2018-05-23,2.642
1596,2018-05-24,2.688
1597,2018-05-25,2.575
1598,2018-05-29,2.573
1599,2018-05-30,2.625
1600,2018-05-31,2.662
1601,2018-06-01,2.636
1602,2018-06-04,2.697
1603,2018-06-05,2.717
1604,2018-06-06,2.836
1605,2018-06-07,2.855
1606,2018-06-08,2.799
1607,2018-06-11,2.812
1608,2018-06-12,2.859
1609,2018-06-13,2.857
1610,2018-06-14,2.884
1611,2018-06-15,2.841
1612,2018-06-18,2.866
1613,2018-06-19,2.865
1614,2018-06-20,2.772
1615,2018-06-21,2.784
1616,2018-06-22,2.82
1617,2018-06-25,2.855
1618,2018-06-26,2.795
1619,2018-06-27,2.85
1620,2018-06-28,2.874
1621,2018-06-29,2.82
1622,2018-07-02,2.821
1623,2018-07-03,2.753
1624,2018-07-05,2.755
1625,2018-07-06,2.74
1626,2018-07-09,2.713
1627,2018-07-10,2.712
1628,2018-07-11,2.662
1629,2018-07-12,2.708
1630,2018-07-13,2.684
1631,2018-07-16,2.677
1632,2018-07-17,2.643
1633,2018-07-18,2.664
1634,2018-07-19,2.708
1635,2018-07-20,2.699
1636,2018-07-23,2.7
1637,2018-07-24,2.664
1638,2018-07-25,2.66
1639,2018-07-26,2.59
1640,2018-07-27,2.572
1641,2018-07-30,2.517
1642,2018-07-31,2.49
1643,2018-08-01,2.524
1644,2018-08-02,2.455
1645,2018-08-03,2.462
1646,2018-08-06,2.514
1647,2018-08-07,2.566
1648,2018-08-08,2.593
1649,2018-08-09,2.575
1650,2018-08-10,2.62
1651,2018-08-13,2.589
1652,2018-08-14,2.567
1653,2018-08-15,2.524
1654,2018-08-16,2.537
1655,2018-08-17,2.61
1656,2018-08-20,2.595
1657,2018-08-21,2.619
1658,2018-08-22,2.621
1659,2018-08-23,2.659
1660,2018-08-24,2.601
1661,2018-08-27,2.639
1662,2018-08-28,2.631
1663,2018-08-29,2.673
1664,2018-08-30,2.613
1665,2018-08-31,2.543
1666,2018-09-04,2.578
1667,2018-09-05,2.598
1668,2018-09-06,2.582
1669,2018-09-07,2.633
1670,2018-09-10,2.547
1671,2018-09-11,2.454
1672,2018-09-12,2.403
1673,2018-09-13,2.416
1674,2018-09-14,2.378
1675,2018-09-17,2.324
1676,2018-09-18,2.337
1677,2018-09-19,2.357
1678,2018-09-20,2.399
1679,2018-09-21,2.386
1680,2018-09-24,2.325
1681,2018-09-25,2.387
1682,2018-09-26,2.386
1683,2018-09-27,2.328
1684,2018-09-28,2.276
1685,2018-10-01,2.185
1686,2018-10-02,2.186
1687,2018-10-03,2.303
1688,2018-10-04,2.308
1689,2018-10-05,2.291
1690,2018-10-08,2.324
1691,2018-10-09,2.308
1692,2018-10-10,2.267
1693,2018-10-11,2.24
1694,2018-10-12,2.29
1695,2018-10-15,2.418
1696,2018-10-16,2.403
1697,2018-10-17,2.425
1698,2018-10-18,2.444
1699,2018-10-19,2.416
1700,2018-10-22,2.453
1701,2018-10-23,2.408
1702,2018-10-24,2.306
1703,2018-10-25,2.304
1704,2018-10-26,2.287
1705,2018-10-29,2.251
1706,2018-10-30,2.312
1707,2018-10-31,2.3
1708,2018-11-01,2.22
1709,2018-11-02,2.244
1710,2018-11-05,2.169
1711,2018-11-06,2.141
1712,2018-11-07,2.137
1713,2018-11-08,2.233
1714,2018-11-09,2.202
1715,2018-11-12,2.121
1716,2018-11-13,2.07
1717,2018-11-14,2.111
1718,2018-11-15,2.083
1719,2018-11-16,2.128
1720,2018-11-19,2.119
1721,2018-11-20,2.105
1722,2018-11-21,2.147
1723,2018-11-23,2.143
1724,2018-11-26,2.232
1725,2018-11-27,2.2
1726,2018-11-28,2.21
1727,2018-11-29,2.218
1728,2018-11-30,2.17
1729,2018-12-03,2.159
1730,2018-12-04,2.152
1731,2018-12-05,2.23
1732,2018-12-06,2.202
1733,2018-12-07,2.251
1734,2018-12-10,2.296
1735,2018-12-11,2.28
1736,2018-12-12,2.358
1737,2018-12-13,2.445
1738,2018-12-14,2.435
1739,2018-12-17,2.496
1740,2018-12-18,2.585
1741,2018-12-19,2.58
1742,2018-12-20,2.552
1743,2018-12-21,2.574
1744,2018-12-24,2.614
1745,2018-12-26,2.681
1746,2018-12-27,2.668
1747,2018-12-28,2.637
1748,2018-12-31,2.538
1749,2019-01-02,2.534
1750,2019-01-03,2.527
1751,2019-01-04,2.503
1752,2019-01-07,2.502
1753,2019-01-08,2.428
1754,2019-01-09,2.404
1755,2019-01-10,2.33
1756,2019-01-11,2.283
1757,2019-01-14,2.247
1758,2019-01-15,2.329
1759,2019-01-16,2.352
1760,2019-01-17,2.303
1761,2019-01-18,2.288
1762,2019-01-22,2.234
1763,2019-01-23,2.218
1764,2019-01-24,2.214
1765,2019-01-25,2.28
1766,2019-01-28,2.339
1767,2019-01-29,2.303
1768,2019-01-30,2.318
1769,2019-01-31,2.32
1770,2019-02-01,2.238
1771,2019-02-04,2.272
1772,2019-02-05,2.282
1773,2019-02-06,2.316
1774,2019-02-07,2.3
1775,2019-02-08,2.446
1776,2019-02-11,2.597
1777,2019-02-12,2.691
1778,2019-02-13,2.633
1779,2019-02-14,2.714
1780,2019-02-15,2.821
1781,2019-02-19,2.862
1782,2019-02-20,2.828
1783,2019-02-21,2.772
1784,2019-02-22,2.789
1785,2019-02-25,2.637
1786,2019-02-26,2.621
1787,2019-02-27,2.6
1788,2019-02-28,2.647
1789,2019-03-01,2.688
1790,2019-03-04,2.566
1791,2019-03-05,2.51
1792,2019-03-06,2.559
1793,2019-03-07,2.567
1794,2019-03-08,2.665
1795,2019-03-11,2.531
1796,2019-03-12,2.47
1797,2019-03-13,2.501
1798,2019-03-14,2.281
1799,2019-03-15,2.329
1800,2019-03-18,2.441
1801,2019-03-19,2.399
1802,2019-03-20,2.427
1803,2019-03-21,2.334
1804,2019-03-22,2.232
1805,2019-03-25,2.264
1806,2019-03-26,2.243
1807,2019-03-27,2.328
1808,2019-03-28,2.296
1809,2019-03-29,2.341
1810,2019-04-01,2.319
1811,2019-04-02,2.286
1812,2019-04-03,2.273
1813,2019-04-04,2.328
1814,2019-04-05,2.214
1815,2019-04-08,2.172
1816,2019-04-09,2.294
1817,2019-04-10,2.231
1818,2019-04-11,2.186
1819,2019-04-12,2.189
1820,2019-04-15,2.122
1821,2019-04-16,2.13
1822,2019-04-17,2.135
1823,2019-04-18,2.162
1824,2019-04-22,2.141
1825,2019-04-23,2.166
1826,2019-04-24,2.202
1827,2019-04-25,2.182
1828,2019-04-26,2.187
1829,2019-04-29,2.12
1830,2019-04-30,2.077
1831,2019-05-01,2.003
1832,2019-05-02,1.895
1833,2019-05-03,1.905
1834,2019-05-06,1.926
1835,2019-05-07,1.893
1836,2019-05-08,1.902
1837,2019-05-09,1.934
1838,2019-05-10,1.877
1839,2019-05-13,1.829
1840,2019-05-14,1.841
1841,2019-05-15,1.819
1842,2019-05-16,1.872
1843,2019-05-17,1.861
1844,2019-05-20,1.862
1845,2019-05-21,1.858
1846,2019-05-22,1.766
1847,2019-05-23,1.788
1848,2019-05-24,1.844
1849,2019-05-28,1.826
1850,2019-05-29,1.837
1851,2019-05-30,1.981
1852,2019-05-31,1.955
1853,2019-06-03,1.92
1854,2019-06-04,1.905
1855,2019-06-05,1.827
1856,2019-06-06,1.847
1857,2019-06-07,1.821
1858,2019-06-10,1.752
1859,2019-06-11,1.684
1860,2019-06-12,1.756
1861,2019-06-13,1.8
1862,2019-06-14,1.827
1863,2019-06-17,1.772
1864,2019-06-18,1.708
1865,2019-06-19,1.778
1866,2019-06-20,1.936
1867,2019-06-21,1.878
1868,2019-06-24,1.841
1869,2019-06-25,1.869
1870,2019-06-26,1.815
1871,2019-06-27,1.729
1872,2019-06-28,1.604
1873,2019-07-01,1.654
1874,2019-07-02,1.604
1875,2019-07-03,1.602
1876,2019-07-05,1.653
1877,2019-07-08,1.659
1878,2019-07-09,1.637
1879,2019-07-10,1.634
1880,2019-07-11,1.69
1881,2019-07-12,1.64
1882,2019-07-15,1.587
1883,2019-07-16,1.552
1884,2019-07-17,1.621
1885,2019-07-18,1.731
1886,2019-07-19,1.852
1887,2019-07-22,1.783
1888,2019-07-23,1.733
1889,2019-07-24,1.724
1890,2019-07-25,1.65
1891,2019-07-26,1.598
1892,2019-07-29,1.686
1893,2019-07-30,1.753
1894,2019-07-31,1.924
1895,2019-08-01,1.821
1896,2019-08-02,1.939
1897,2019-08-05,1.815
1898,2019-08-06,1.746
1899,2019-08-07,1.819
1900,2019-08-08,1.794
1901,2019-08-09,1.869
1902,2019-08-12,1.949
1903,2019-08-13,1.89
1904,2019-08-14,1.993
1905,2019-08-15,2.134
1906,2019-08-16,1.944
1907,2019-08-19,1.894
1908,2019-08-20,1.823
1909,2019-08-21,1.826
1910,2019-08-22,1.72
1911,2019-08-23,1.616
1912,2019-08-26,1.681
1913,2019-08-27,1.646
1914,2019-08-28,1.783
1915,2019-08-29,1.83
1916,2019-08-30,1.771
1917,2019-09-03,1.71
1918,2019-09-04,1.731
1919,2019-09-05,1.793
1920,2019-09-06,1.722
1921,2019-09-09,1.827
1922,2019-09-10,1.849
1923,2019-09-11,1.774
1924,2019-09-12,1.777
1925,2019-09-13,1.821
1926,2019-09-16,1.822
1927,2019-09-17,1.782
1928,2019-09-18,1.789
1929,2019-09-19,1.767
1930,2019-09-20,1.78
1931,2019-09-23,1.813
1932,2019-09-24,1.731
1933,2019-09-25,1.669
1934,2019-09-26,1.614
1935,2019-09-27,1.638
1936,2019-09-30,1.638
1937,2019-10-01,1.669
1938,2019-10-02,1.664
1939,2019-10-03,1.637
1940,2019-10-04,1.597
1941,2019-10-07,1.482
1942,2019-10-08,1.495
1943,2019-10-09,1.709
1944,2019-10-10,1.751
1945,2019-10-11,1.671
1946,2019-10-14,1.75
1947,2019-10-15,1.83
1948,2019-10-16,1.876
1949,2019-10-17,1.824
1950,2019-10-18,1.779
1951,2019-10-21,1.805
1952,2019-10-22,1.739
1953,2019-10-23,1.746
1954,2019-10-24,1.778
1955,2019-10-25,1.723
1956,2019-10-28,1.718
1957,2019-10-29,1.641
1958,2019-10-30,1.675
1959,2019-10-31,1.681
1960,2019-11-01,1.785
1961,2019-11-04,1.808
1962,2019-11-05,1.734
1963,2019-11-06,1.8
1964,2019-11-07,1.854
1965,2019-11-08,1.829
1966,2019-11-11,1.799
1967,2019-11-12,2.101
1968,2019-11-13,2.193
1969,2019-11-14,2.191
1970,2019-11-15,2.165
1971,2019-11-18,2.238
1972,2019-11-19,2.153
1973,2019-11-20,2.171
1974,2019-11-21,2.152
1975,2019-11-22,2.182
1976,2019-11-25,2.356
1977,2019-11-26,2.339
1978,2019-11-27,2.417
1979,2019-11-29,2.426
1980,2019-12-02,2.352
1981,2019-12-03,2.448
1982,2019-12-04,2.513
1983,2019-12-05,2.489
1984,2019-12-06,2.461
1985,2019-12-09,2.71
1986,2019-12-10,2.657
1987,2019-12-11,2.63
1988,2019-12-12,2.527
1989,2019-12-13,2.486
1990,2019-12-16,2.487
1991,2019-12-17,2.588
1992,2019-12-18,2.4
1993,2019-12-19,2.406
1994,2019-12-20,2.323
1995,2019-12-23,2.269
1996,2019-12-24,2.31
1997,2019-12-26,2.362
1998,2019-12-27,2.267
1999,2019-12-30,2.042
2000,2019-12-31,2.048
2001,2020-01-02,1.835
2002,2020-01-03,1.834
2003,2020-01-06,2.125
2004,2020-01-07,2.248
2005,2020-01-08,2.139
2006,2020-01-09,2.101
2007,2020-01-10,2.561
2008,2020-01-13,2.527
2009,2020-01-14,2.482
2010,2020-01-15,2.438
2011,2020-01-16,2.615
2012,2020-01-17,2.52
2013,2020-01-21,2.606
2014,2020-01-22,2.627
2015,2020-01-23,2.741
2016,2020-01-24,2.881
2017,2020-01-27,2.855
2018,2020-01-28,2.636
2019,2020-01-29,2.775
2020,2020-01-30,2.773
2021,2020-01-31,2.795
2022,2020-02-03,2.913
2023,2020-02-04,3.023
2024,2020-02-05,3.007
2025,2020-02-06,2.971
2026,2020-02-07,3.024
2027,2020-02-10,3.019
2028,2020-02-11,2.996
2029,2020-02-12,3.301
2030,2020-02-13,3.354
2031,2020-02-14,3.244
2032,2020-02-18,3.059
2033,2020-02-19,3.046
2034,2020-02-20,2.942
2035,2020-02-21,2.888
2036,2020-02-24,2.859
2037,2020-02-25,2.949
2038,2020-02-26,3.031
2039,2020-02-27,2.976
2040,2020-02-28,2.995
2041,2020-03-02,2.697
2042,2020-03-03,2.692
2043,2020-03-04,2.712
2044,2020-03-05,2.592
2045,2020-03-06,2.65
2046,2020-03-09,2.711
2047,2020-03-10,2.775
2048,2020-03-11,2.896
2049,2020-03-12,2.843
2050,2020-03-13,2.882
2051,2020-03-16,2.88
2052,2020-03-17,2.78
2053,2020-03-18,2.507
2054,2020-03-19,2.575
2055,2020-03-20,2.406
2056,2020-03-23,2.399
2057,2020-03-24,2.442
2058,2020-03-25,2.553
2059,2020-03-26,2.591
2060,2020-03-27,2.682
2061,2020-03-30,2.668
2062,2020-03-31,2.677
2063,2020-04-01,2.636
2064,2020-04-02,2.7
2065,2020-04-03,2.705
2066,2020-04-06,2.78
2067,2020-04-07,2.608
2068,2020-04-08,2.518
2069,2020-04-09,2.305
2070,2020-04-13,2.467
2071,2020-04-14,2.422
2072,2020-04-15,2.539
2073,2020-04-16,2.581
2074,2020-04-17,2.702
2075,2020-04-20,2.716
2076,2020-04-21,2.729
2077,2020-04-22,2.7
2078,2020-04-23,2.747
2079,2020-04-24,2.753
2080,2020-04-27,2.727
2081,2020-04-28,2.666
2082,2020-04-29,2.737
2083,2020-04-30,2.546
2084,2020-05-01,2.539
2085,2020-05-04,2.491
2086,2020-05-05,2.446
2087,2020-05-06,2.602
2088,2020-05-07,2.656
2089,2020-05-08,2.76
2090,2020-05-11,2.664
2091,2020-05-12,2.564
2092,2020-05-13,2.85
2093,2020-05-14,2.845
2094,2020-05-15,2.789
2095,2020-05-18,2.935
2096,2020-05-19,2.863
2097,2020-05-20,2.882
2098,2020-05-21,2.835
2099,2020-05-22,2.911
2100,2020-05-26,2.868
2101,2020-05-27,2.912
2102,2020-05-28,3.129
2103,2020-05-29,3.219
2104,2020-06-01,3.082
2105,2020-06-02,3.069
2106,2020-06-03,2.953
2107,2020-06-04,2.879
2108,2020-06-05,2.795
2109,2020-06-08,2.777
2110,2020-06-09,2.771
2111,2020-06-10,2.777
2112,2020-06-11,2.839
2113,2020-06-12,2.816
2114,2020-06-15,2.743
2115,2020-06-16,2.701
2116,2020-06-17,2.664
2117,2020-06-18,2.662
2118,2020-06-19,2.692
2119,2020-06-22,2.668
2120,2020-06-23,2.6
2121,2020-06-24,2.484
2122,2020-06-25,2.562
2123,2020-06-26,2.528
2124,2020-06-29,2.481
2125,2020-06-30,2.535
2126,2020-07-01,2.582
2127,2020-07-02,2.508
2128,2020-07-06,2.518
2129,2020-07-07,2.57
2130,2020-07-08,2.557
2131,2020-07-09,2.586
2132,2020-07-10,2.623
2133,2020-07-13,2.608
2134,2020-07-14,2.639
2135,2020-07-15,2.511
2136,2020-07-16,2.456
2137,2020-07-17,2.52
2138,2020-07-20,2.522
2139,2020-07-21,2.526
2140,2020-07-22,2.561
2141,2020-07-23,2.619
2142,2020-07-24,2.618
2143,2020-07-27,2.658
2144,2020-07-28,2.68
2145,2020-07-29,2.749
2146,2020-07-30,2.727
2147,2020-07-31,2.692
2148,2020-08-03,2.749
2149,2020-08-04,2.73
2150,2020-08-05,2.79
2151,2020-08-06,2.873
2152,2020-08-07,2.925
2153,2020-08-10,2.911
2154,2020-08-11,2.931
2155,2020-08-12,2.966
2156,2020-08-13,2.967
2157,2020-08-14,2.938
2158,2020-08-17,2.928
2159,2020-08-18,2.958
2160,2020-08-19,2.932
2161,2020-08-20,2.955
2162,2020-08-21,2.969
2163,2020-08-24,2.973
2164,2020-08-25,2.961
2165,2020-08-26,3.109
2166,2020-08-27,3.012
2167,2020-08-28,2.964
2168,2020-08-31,2.925
2169,2020-09-01,2.906
2170,2020-09-02,2.886
2171,2020-09-03,2.913
2172,2020-09-04,2.984
2173,2020-09-08,2.958
2174,2020-09-09,2.986
2175,2020-09-10,3.104
2176,2020-09-11,3.075
2177,2020-09-14,3.041
2178,2020-09-15,3.097
2179,2020-09-16,3.07
2180,2020-09-17,3.128
2181,2020-09-18,3.129
2182,2020-09-21,3.149
2183,2020-09-22,3.296
2184,2020-09-23,3.352
2185,2020-09-24,3.24
2186,2020-09-25,3.251
2187,2020-09-28,3.253
2188,2020-09-29,3.215
2189,2020-09-30,3.191
2190,2020-10-01,3.258
2191,2020-10-02,3.333
2192,2020-10-05,3.418
2193,2020-10-06,3.496
2194,2020-10-07,3.593
2195,2020-10-08,3.63
2196,2020-10-09,3.65
2197,2020-10-12,3.661
2198,2020-10-13,3.7
2199,2020-10-14,3.637
2200,2020-10-15,3.596
2201,2020-10-16,3.688
2202,2020-10-19,3.674
2203,2020-10-20,3.749
2204,2020-10-21,3.696
2205,2020-10-22,3.66
2206,2020-10-23,3.614
2207,2020-10-26,3.674
2208,2020-10-27,3.779
2209,2020-10-28,3.876
2210,2020-10-29,3.959
2211,2020-10-30,4.003
2212,2020-11-02,4.06
2213,2020-11-03,4.102
2214,2020-11-04,3.971
2215,2020-11-05,4.044
2216,2020-11-06,4.059
2217,2020-11-09,3.914
2218,2020-11-10,3.935
2219,2020-11-11,4.027
2220,2020-11-12,4.158
2221,2020-11-13,4.14
2222,2020-11-16,4.134
2223,2020-11-17,4.06
2224,2020-11-18,4.089
2225,2020-11-19,4.059
2226,2020-11-20,3.933
2227,2020-11-23,3.861
2228,2020-11-24,3.946
2229,2020-11-25,3.837
2230,2020-11-27,3.852
2231,2020-11-30,3.83
2232,2020-12-01,3.851
2233,2020-12-02,3.945
2234,2020-12-03,3.896
2235,2020-12-04,3.897
2236,2020-12-07,4.184
2237,2020-12-08,4.37
2238,2020-12-09,4.305
2239,2020-12-10,4.377
2240,2020-12-11,4.615
2241,2020-12-14,4.641
2242,2020-12-15,4.712
2243,2020-12-16,4.568
2244,2020-12-17,4.914
2245,2020-12-18,5.031
2246,2020-12-21,4.938
2247,2020-12-22,5.231
2248,2020-12-23,5.26
2249,2020-12-24,5.46
2250,2020-12-28,5.335
2251,2020-12-29,5.105
2252,2020-12-30,4.985
2253,2020-12-31,4.805
2254,2021-01-04,4.76
2255,2021-01-05,4.976
2256,2021-01-06,5.14
2257,2021-01-07,5.706
2258,2021-01-08,5.841
2259,2021-01-11,5.477
2260,2021-01-12,5.867
2261,2021-01-13,5.619
2262,2021-01-14,5.766
2263,2021-01-15,6.312
2264,2021-01-19,5.675
2265,2021-01-20,5.677
2266,2021-01-21,5.565
2267,2021-01-22,5.345
2268,2021-01-25,5.505
2269,2021-01-26,5.59
2270,2021-01-27,5.687
2271,2021-01-28,5.41
2272,2021-01-29,4.989
2273,2021-02-01,5.088
2274,2021-02-02,5.17
2275,2021-02-03,5.115
2276,2021-02-04,5.28
2277,2021-02-05,5.898
2278,2021-02-08,5.882
2279,2021-02-09,6.198
2280,2021-02-10,5.782
2281,2021-02-11,5.426
2282,2021-02-12,5.186
2283,2021-02-16,5.542
2284,2021-02-17,5.67
2285,2021-02-18,5.716
2286,2021-02-19,5.516
2287,2021-02-22,5.427
2288,2021-02-23,4.979
2289,2021-02-24,4.88
2290,2021-02-25,5.149
2291,2021-02-26,4.791
2292,2021-03-01,5.017
2293,2021-03-02,5.177
2294,2021-03-03,4.816
2295,2021-03-04,4.902
2296,2021-03-05,5.065
2297,2021-03-08,4.789
2298,2021-03-09,4.967
2299,2021-03-10,5.068
2300,2021-03-11,5.447
2301,2021-03-12,4.854
2302,2021-03-15,4.567
2303,2021-03-16,4.258
2304,2021-03-17,4.056
2305,2021-03-18,4.132
2306,2021-03-19,3.657
2307,2021-03-22,3.708
2308,2021-03-23,3.815
2309,2021-03-24,3.814
2310,2021-03-25,3.925
2311,2021-03-26,3.794
2312,2021-03-29,3.747
2313,2021-03-30,3.802
2314,2021-03-31,3.766
2315,2021-04-01,3.69
2316,2021-04-05,3.834
2317,2021-04-06,3.869
2318,2021-04-07,3.976
2319,2021-04-08,3.731
2320,2021-04-09,4.06
2321,2021-04-12,4.055
2322,2021-04-13,4.024
2323,2021-04-14,3.561
2324,2021-04-15,3.73
2325,2021-04-16,3.815
2326,2021-04-19,3.717
2327,2021-04-20,3.882
2328,2021-04-21,3.812
2329,2021-04-22,3.916
2330,2021-04-23,4.079
2331,2021-04-26,4.249
2332,2021-04-27,4.857
2333,2021-04-28,4.27
2334,2021-04-29,4.262
2335,2021-04-30,4.283
2336,2021-05-03,4.031
2337,2021-05-04,3.802
2338,2021-05-05,3.999
2339,2021-05-06,4.027
2340,2021-05-07,4.053
2341,2021-05-10,4.277
2342,2021-05-11,6.265
2343,2021-05-12,4.639
2344,2021-05-13,4.874
2345,2021-05-14,4.751
2346,2021-05-17,5.501
2347,2021-05-18,4.888
2348,2021-05-19,4.572
2349,2021-05-20,4.232
2350,2021-05-21,4.248
2351,2021-05-24,4.009
2352,2021-05-25,3.959
2353,2021-05-26,3.941
2354,2021-05-27,4.195
2355,2021-05-28,4.306
2356,2021-06-01,4.717
2357,2021-06-02,4.486
2358,2021-06-03,4.431
2359,2021-06-04,4.498
2360,2021-06-07,4.623
2361,2021-06-08,4.568
2362,2021-06-09,4.47
2363,2021-06-10,4.402
2364,2021-06-11,4.573
2365,2021-06-14,4.762
2366,2021-06-15,4.722
2367,2021-06-16,5.016
2368,2021-06-17,4.833
2369,2021-06-18,4.527
2370,2021-06-21,4.526
2371,2021-06-22,4.631
2372,2021-06-23,4.725
2373,2021-06-24,3.561000108718872
2374,2021-06-25,3.7300000190734863
2375,2021-06-28,3.815000057220459
2376,2021-06-29,3.7170000076293945
2377,2021-06-30,3.881999969482422
2378,2021-07-01,3.812000036239624
2379,2021-07-02,3.9159998893737793
2380,2021-07-06,4.078999996185303
2381,2021-07-07,4.249000072479248
2382,2021-07-08,4.85699987411499
2383,2021-07-09,4.269999980926514
2384,2021-07-12,4.26200008392334
2385,2021-07-13,4.2829999923706055
2386,2021-07-14,4.031000137329102
2387,2021-07-15,3.802000045776367
2388,2021-07-16,3.999000072479248
2389,2021-07-19,4.0269999504089355
2390,2021-07-20,4.052999973297119
2391,2021-07-21,4.2769999504089355
2392,2021-07-22,6.264999866485596
2393,2021-07-23,4.638999938964844
2394,2021-07-26,4.874000072479248
2395,2021-07-27,4.750999927520752
2396,2021-07-28,5.500999927520752
2397,2021-07-29,4.888000011444092
2398,2021-07-30,4.572000026702881
2399,2021-08-02,4.23199987411499
2400,2021-08-03,4.248000144958496
2401,2021-08-04,4.008999824523926
2402,2021-08-05,3.9590001106262207
2403,2021-08-06,3.940999984741211
2404,2021-08-09,4.195000171661377
2405,2021-08-10,4.306000232696533
2406,2021-08-11,4.7170000076293945
2407,2021-08-12,4.486000061035156
2408,2021-08-13,4.431000232696533
2409,2021-08-16,4.498000144958496
2410,2021-08-17,4.623000144958496
2411,2021-08-18,4.567999839782715
2412,2021-08-19,4.46999979019165
2413,2021-08-20,4.4019999504089355
2414,2021-08-23,4.572999954223633
2415,2021-08-24,4.76200008392334
2416,2021-08-25,4.7220001220703125
2417,2021-08-26,5.015999794006348
2418,2021-08-27,4.833000183105469
2419,2021-08-30,4.5269999504089355
2420,2021-08-31,4.526000022888184
2421,2021-09-01,4.63100004196167
2422,2021-09-02,4.724999904632568
2423,2021-09-03,3.99627685546875
2424,2021-09-07,4.148980140686035
2425,2021-09-08,4.157752990722656
2426,2021-09-09,4.162131309509277
2427,2021-09-10,4.171894550323486
2428,2021-09-13,4.119117736816406
2429,2021-09-14,4.058140754699707
2430,2021-09-15,3.9794087409973145
2431,2021-09-16,3.9287192821502686
2432,2021-09-17,3.887083053588867
2433,2021-09-20,3.7857866287231445
2434,2021-09-21,3.689056396484375
2435,2021-09-22,3.62509822845459
2436,2021-09-23,3.6063859462738037
2437,2021-09-24,3.6022348403930664
2438,2021-09-27,3.586867332458496
2439,2021-09-28,3.5613441467285156
2440,2021-09-29,3.527708053588867
2441,2021-09-30,3.5397655963897705
2442,2021-10-01,3.5831398963928223
2443,2021-10-04,3.6091184616088867
2444,2021-10-05,3.624391555786133
2445,2021-10-06,3.6390790939331055
2446,2021-10-07,3.651916027069092
2447,2021-10-08,3.658787250518799
2448,2021-10-11,3.658045530319214
2449,2021-10-12,3.6558170318603516
2450,2021-10-13,3.659942865371704
2451,2021-10-14,3.6768276691436768
2452,2021-10-15,3.694520950317383
2453,2021-10-18,3.4118528366088867
2454,2021-10-19,3.2833940982818604
2455,2021-10-20,3.215818405151367
2456,2021-10-21,3.205028533935547
2457,2021-10-22,3.249743700027466
2458,2021-10-25,3.3042092323303223
2459,2021-10-26,3.342130661010742
2460,2021-10-27,3.384978771209717
2461,2021-10-28,3.4253039360046387
2462,2021-10-29,3.47763991355896
2463,2021-11-01,3.5421981811523438
2464,2021-11-02,3.5838217735290527
2465,2021-11-03,3.606027603149414
2466,2021-11-04,3.6197705268859863
2467,2021-11-05,3.6296722888946533
2468,2021-11-08,3.6347689628601074
2469,2021-11-09,3.6218366622924805
2470,2021-11-10,3.597231864929199
2471,2021-11-11,3.587167739868164
2472,2021-11-12,3.591726541519165
2473,2021-11-15,3.5949854850769043
2474,2021-11-16,3.5940628051757812
2475,2021-11-17,3.590972423553467
2476,2021-11-18,3.588292121887207
2477,2021-11-19,3.573578357696533
2478,2021-11-22,3.541367530822754
2479,2021-11-23,3.5124030113220215
2480,2021-11-24,3.4922432899475098
2481,2021-11-26,3.4489245414733887
2482,2021-11-29,3.3665456771850586
2483,2021-11-30,2.858773708343506
2484,2021-12-01,3.0021495819091797
2485,2021-12-02,3.0271434783935547
2486,2021-12-03,3.001214027404785
2487,2021-12-06,2.9964916706085205
2488,2021-12-07,3.0043158531188965
2489,2021-12-08,2.9891796112060547
2490,2021-12-09,2.9219536781311035
2491,2021-12-10,2.841917037963867
2492,2021-12-13,2.7305736541748047
2493,2021-12-14,2.6861801147460938
2494,2021-12-15,2.699103593826294
2495,2021-12-16,2.698439121246338
2496,2021-12-17,2.6817374229431152
2497,2021-12-20,2.655750036239624
2498,2021-12-21,2.664750099182129
2499,2021-12-22,2.664299249649048
2500,2021-12-23,2.630253314971924
2501,2021-12-27,2.6041440963745117
2502,2021-12-28,2.6277942657470703
2503,2021-12-29,2.6465883255004883
2504,2021-12-30,2.6593310832977295
2505,2021-12-31,2.6657049655914307
2506,2022-01-03,2.66086483001709
2507,2022-01-04,2.653001546859741
2508,2022-01-05,2.642171859741211
2509,2022-01-06,2.6288487911224365
2510,2022-01-07,2.6160783767700195
2511,2022-01-10,2.6072463989257812
2512,2022-01-11,2.605170249938965
2513,2022-01-12,2.0223991870880127
2514,2022-01-13,2.312973976135254
2515,2022-01-14,2.3325600624084473
2516,2022-01-18,2.2881202697753906
2517,2022-01-19,2.242915630340576
2518,2022-01-20,2.182802677154541
2519,2022-01-21,2.1184582710266113
2520,2022-01-24,2.0914487838745117
2521,2022-01-25,2.105658769607544
2522,2022-01-26,2.136725425720215
2523,2022-01-27,2.183640718460083
2524,2022-01-28,2.245164394378662
2525,2022-01-31,2.2579903602600098
2526,2022-02-01,2.313631296157837
2527,2022-02-02,2.327545166015625
2528,2022-02-03,2.372969627380371
2529,2022-02-04,2.4833812713623047
2530,2022-02-07,2.579038143157959
2531,2022-02-08,2.5779218673706055
2532,2022-02-09,2.5683624744415283
2533,2022-02-10,2.5605390071868896
2534,2022-02-11,2.5866267681121826
2535,2022-02-14,2.6126599311828613
2536,2022-02-15,2.65043044090271
2537,2022-02-16,2.6842074394226074
2538,2022-02-17,2.7202541828155518
2539,2022-02-18,2.7718544006347656
2540,2022-02-22,2.8162012100219727
2541,2022-02-23,2.8256258964538574
2542,2022-02-24,2.803417921066284
2543,2022-02-25,2.4383418560028076
2544,2022-02-28,2.480741262435913
2545,2022-03-01,2.4452617168426514
2546,2022-03-02,2.4255943298339844
2547,2022-03-03,2.4264326095581055
2548,2022-03-04,2.427976608276367
2549,2022-03-07,2.4082579612731934
2550,2022-03-08,2.367786407470703
2551,2022-03-09,2.347038745880127
2552,2022-03-10,2.3319807052612305
2553,2022-03-11,2.3164823055267334
2554,2022-03-11,2.2699828147888184
2555,2022-03-12,2.145512342453003
2556,2022-03-13,2.0408689975738525
2557,2022-03-14,1.976970911026001
2558,2022-03-15,1.9357815980911255
2559,2022-03-16,1.9240331649780273
2560,2022-03-17,1.9135712385177612
2561,2022-03-18,1.879889965057373
2562,2022-03-19,1.8634065389633179
2563,2022-03-20,1.8593690395355225
2564,2022-03-21,1.8636677265167236
2565,2022-03-22,1.8718574047088623
2566,2022-03-23,1.8757281303405762
2567,2022-03-24,1.874444842338562
2568,2022-03-25,1.8713130950927734
2569,2022-03-26,1.873592734336853
2570,2022-03-27,1.865990161895752
2571,2022-03-28,1.8358123302459717
2572,2022-03-29,1.7892560958862305
2573,2022-03-30,2.0989952087402344
2574,2022-03-31,2.1101267337799072
2575,2022-04-01,2.0788686275482178
2576,2022-04-02,2.0492966175079346
2577,2022-04-03,1.9721415042877197
2578,2022-04-04,1.9233554601669312
2579,2022-04-05,1.9360816478729248
2580,2022-04-06,1.9352424144744873
2581,2022-04-07,1.8978233337402344
2582,2022-04-08,1.8354523181915283
2583,2022-04-09,1.756263256072998
2584,2022-04-10,1.7174782752990723
2585,2022-04-11,1.7209659814834595
2586,2022-04-12,1.7181007862091064
2587,2022-04-13,1.7762863636016846
2588,2022-04-14,1.8445019721984863
2589,2022-04-15,1.8272716999053955
2590,2022-04-16,1.786756992340088
2591,2022-04-17,1.7815133333206177
2592,2022-04-18,1.872918725013733
2593,2022-04-19,2.1778218746185303
2594,2022-04-20,2.1737477779388428
2595,2022-04-21,2.1312198638916016
2596,2022-04-22,2.0988011360168457
2597,2022-04-23,2.093644857406616
2598,2022-04-24,2.117084264755249
2599,2022-04-25,2.1391913890838623
2600,2022-04-26,2.154996156692505
2601,2022-04-27,2.1724603176116943
2602,2022-04-28,2.1853084564208984
2603,2022-04-29,2.5024867057800293
2604,2022-04-30,2.627295970916748
2605,2022-05-01,2.606243848800659
2606,2022-05-02,2.533759355545044
2607,2022-05-03,2.4645261764526367
2608,2022-05-04,2.439134120941162
2609,2022-05-05,2.4430248737335205
2610,2022-05-06,2.4168131351470947
2611,2022-05-07,2.2961108684539795
2612,2022-05-08,2.2175230979919434
2613,2022-05-09,2.22285795211792
2614,2022-05-10,2.31097149848938
2615,2022-05-11,2.4049770832061768
2616,2022-05-12,2.4862747192382812
2617,2022-05-13,2.526597023010254
2618,2022-05-14,2.529963493347168
2619,2022-05-15,2.5134713649749756
2620,2022-05-16,2.482111692428589
2621,2022-05-17,2.4453392028808594
2622,2022-05-18,2.323631763458252
2623,2022-05-19,2.1709706783294678
2624,2022-05-20,2.119999647140503
2625,2022-05-21,2.091820001602173
2626,2022-05-22,2.0543339252471924
2627,2022-05-23,1.9875012636184692
2628,2022-05-24,1.9246702194213867
2629,2022-05-25,1.8300418853759766
2630,2022-05-26,1.7714442014694214
2631,2022-05-27,1.7484912872314453
2632,2022-05-28,1.726968765258789
2633,2022-05-29,2.2450456619262695
2634,2022-05-30,2.4017651081085205
2635,2022-05-31,2.2069122791290283
2636,2022-06-01,2.082746982574463
2637,2022-06-02,1.9051284790039062
2638,2022-06-03,1.9004278182983398
2639,2022-06-04,1.9382004737854004
2640,2022-06-05,1.9503471851348877
2641,2022-06-06,1.962894082069397
2642,2022-06-07,1.943671464920044
2643,2022-06-08,1.8827860355377197
2644,2022-06-09,1.8072537183761597
2645,2022-06-10,1.80239999294281
2646,2022-06-11,1.8247036933898926
2647,2022-06-12,1.8458964824676514
2648,2022-06-13,1.8572752475738525
2649,2022-06-14,1.8303114175796509
2650,2022-06-15,1.7893469333648682
2651,2022-06-16,1.7525441646575928
2652,2022-06-17,1.7035892009735107
2653,2022-06-18,1.6424469947814941
2654,2022-06-19,1.5854225158691406
2655,2022-06-20,1.6034221649169922
2656,2022-06-21,1.7114368677139282
2657,2022-06-22,1.7881832122802734
2658,2022-06-23,1.8254542350769043
2659,2022-06-24,1.8705590963363647
2660,2022-06-25,1.856628179550171
2661,2022-06-26,1.812042474746704
2662,2022-06-27,1.7879303693771362
2663,2022-06-28,1.9238533973693848
2664,2022-06-29,1.885905146598816
2665,2022-06-30,2.0254805088043213
2666,2022-07-01,2.0812017917633057
2667,2022-07-02,2.0794785022735596
2668,2022-07-03,2.0249857902526855
2669,2022-07-04,1.975184679031372
2670,2022-07-05,1.9871385097503662
2671,2022-07-06,1.9756345748901367
2672,2022-07-07,1.8956093788146973
2673,2022-07-08,1.8571518659591675
2674,2022-07-09,1.8857569694519043
2675,2022-07-10,1.927683711051941
2676,2022-07-11,1.9423986673355103
2677,2022-07-12,1.9394761323928833
2678,2022-07-13,1.9762457609176636
2679,2022-07-14,2.048640489578247
2680,2022-07-15,2.1423285007476807
2681,2022-07-16,2.2063839435577393
2682,2022-07-17,2.2374842166900635
2683,2022-07-18,2.25345516204834
2684,2022-07-19,2.26332950592041
2685,2022-07-20,2.272429943084717
2686,2022-07-21,2.2749574184417725
2687,2022-07-22,2.2486565113067627
2688,2022-07-23,2.183377265930176
2689,2022-07-24,2.126875877380371
2690,2022-07-25,2.0961647033691406
2691,2022-07-26,2.0308260917663574
2692,2022-07-27,1.916849136352539
2693,2022-07-28,2.2743301391601562
2694,2022-07-29,2.2579665184020996
2695,2022-07-30,2.2129626274108887
2696,2022-07-31,2.2402503490448
2697,2022-08-01,2.223958730697632
2698,2022-08-02,2.215034246444702
2699,2022-08-03,2.2291173934936523
2700,2022-08-04,2.2571167945861816
2701,2022-08-05,2.2920479774475098
2702,2022-08-06,2.3179092407226562
2703,2022-08-07,2.3290252685546875
2704,2022-08-08,2.336097478866577
2705,2022-08-09,2.3326900005340576
2706,2022-08-10,2.2877731323242188
2707,2022-08-11,2.1968748569488525
2708,2022-08-12,2.088644027709961
2709,2022-08-13,2.1614205837249756
2710,2022-08-14,2.1998209953308105
2711,2022-08-15,2.1331441402435303
2712,2022-08-16,2.09653639793396
2713,2022-08-17,2.0887577533721924
2714,2022-08-18,2.0983352661132812
2715,2022-08-19,2.1422202587127686
2716,2022-08-20,2.2499969005584717
2717,2022-08-21,2.4086921215057373
2718,2022-08-22,2.3288633823394775
2719,2022-08-23,2.2746682167053223
2720,2022-08-24,2.2408125400543213
2721,2022-08-25,2.175755023956299
2722,2022-08-26,2.3704516887664795
2723,2022-08-27,2.5175933837890625
2724,2022-08-28,2.5739684104919434
2725,2022-08-29,2.440714120864868
2726,2022-08-30,2.3725924491882324
2727,2022-08-31,2.421966314315796
2728,2022-09-01,2.489076614379883
2729,2022-09-02,2.5485198497772217
2730,2022-09-03,2.5752460956573486
2731,2022-09-04,2.5770645141601562
2732,2022-09-05,2.563220977783203
2733,2022-09-06,2.5450494289398193
2734,2022-09-07,2.539827346801758
2735,2022-09-08,2.5361592769622803
2736,2022-09-09,2.5377674102783203
2737,2022-09-10,2.5541157722473145
2738,2022-09-11,2.5971922874450684
2739,2022-09-12,2.6504125595092773
2740,2022-09-13,2.684589385986328
2741,2022-09-14,2.710886240005493
2742,2022-09-15,2.753080368041992
2743,2022-09-16,2.8613829612731934
2744,2022-09-17,3.013457775115967
2745,2022-09-18,3.111880302429199
2746,2022-09-19,3.16860032081604
2747,2022-09-20,3.2048258781433105
2748,2022-09-21,3.2323813438415527
2749,2022-09-22,3.252046585083008
2750,2022-09-23,3.2484495639801025
2751,2022-09-24,3.1961188316345215
2752,2022-09-25,3.100006341934204
2753,2022-09-26,2.722778081893921
2754,2022-09-27,2.7749948501586914
2755,2022-09-28,2.7628092765808105
2756,2022-09-29,2.773336410522461
2757,2022-09-30,2.7910754680633545
2758,2022-10-01,2.7992358207702637
2759,2022-10-02,2.8014345169067383
2760,2022-10-03,2.80277419090271
2761,2022-10-04,2.8048198223114014
2762,2022-10-05,2.809555768966675
2763,2022-10-06,2.8178648948669434
2764,2022-10-07,2.826655149459839
2765,2022-10-08,2.8229422569274902
2766,2022-10-09,2.7852044105529785
2767,2022-10-10,2.7074055671691895
2768,2022-10-11,2.5529088973999023
2769,2022-10-12,2.4780361652374268
2770,2022-10-13,2.501408815383911
2771,2022-10-14,2.5812740325927734
2772,2022-10-15,2.6391077041625977
2773,2022-10-16,2.672882318496704
2774,2022-10-17,2.69014048576355
2775,2022-10-18,2.6931746006011963
2776,2022-10-19,2.6871023178100586
2777,2022-10-20,2.698206901550293
2778,2022-10-21,2.761773109436035
2779,2022-10-22,2.8571949005126953
2780,2022-10-23,2.9130141735076904
2781,2022-10-24,2.9307479858398438
2782,2022-10-25,2.934784173965454
2783,2022-10-26,2.8594553470611572
2784,2022-10-27,2.828202724456787
2785,2022-10-28,2.8677444458007812
2786,2022-10-29,2.834792137145996
2787,2022-10-30,2.75844407081604
2788,2022-10-31,2.724743127822876
2789,2022-11-01,2.7598063945770264
2790,2022-11-02,2.8256890773773193
2791,2022-11-03,2.855278253555298
2792,2022-11-04,2.853048324584961
2793,2022-11-05,2.869250535964966
2794,2022-11-06,2.8820033073425293
2795,2022-11-07,2.8855478763580322
2796,2022-11-08,2.8819217681884766
2797,2022-11-09,2.887674331665039
2798,2022-11-10,2.9087605476379395
2799,2022-11-11,2.9279303550720215
2800,2022-11-12,2.9401814937591553
2801,2022-11-13,2.9458932876586914
2802,2022-11-14,2.9420697689056396
2803,2022-11-15,2.9215447902679443
2804,2022-11-16,2.8735344409942627
2805,2022-11-17,2.8157215118408203
2806,2022-11-18,2.779102087020874
2807,2022-11-19,2.794696092605591
2808,2022-11-20,2.8426811695098877
2809,2022-11-21,2.880459785461426
2810,2022-11-22,2.9067177772521973
2811,2022-11-23,2.913331985473633
2812,2022-11-24,2.92497181892395
2813,2022-11-25,3.742722511291504
2814,2022-11-26,3.7891106605529785
2815,2022-11-27,3.7254481315612793
2816,2022-11-28,3.6098642349243164
2817,2022-11-29,3.525150775909424
2818,2022-11-30,3.4787676334381104
2819,2022-12-01,3.4527482986450195
2820,2022-12-02,3.4048709869384766
2821,2022-12-03,3.3197858333587646
2822,2022-12-04,3.1581568717956543
2823,2022-12-05,2.889600992202759
2824,2022-12-06,2.5774385929107666
2825,2022-12-07,2.3445334434509277
2826,2022-12-08,2.3908097743988037
2827,2022-12-09,2.5782642364501953
2828,2022-12-10,2.774221420288086
2829,2022-12-11,2.9184436798095703
2830,2022-12-12,2.907160520553589
2831,2022-12-13,2.7809722423553467
2832,2022-12-14,2.6906187534332275
2833,2022-12-15,2.6372621059417725
2834,2022-12-16,2.602919816970825
2835,2022-12-17,2.5667595863342285
2836,2022-12-18,2.5149171352386475
2837,2022-12-19,2.422041177749634
2838,2022-12-20,2.3619494438171387
2839,2022-12-21,2.3657402992248535
2840,2022-12-22,2.3972582817077637
2841,2022-12-23,2.433579921722412
2842,2022-12-24,2.4679481983184814
2843,2022-12-25,2.675386667251587
2844,2022-12-26,2.711344003677368
2845,2022-12-27,2.7172563076019287
2846,2022-12-28,2.7591750621795654
2847,2022-12-29,2.912963628768921
2848,2022-12-30,3.1591591835021973
2849,2022-12-31,3.348015785217285
2850,2023-01-01,3.29514741897583
2851,2023-01-02,3.267396926879883
2852,2023-01-03,3.3914895057678223
2853,2023-01-04,3.528731346130371
2854,2023-01-05,3.6542606353759766
2855,2023-01-06,3.758273124694824
2856,2023-01-07,3.823117733001709
2857,2023-01-08,3.8534388542175293
2858,2023-01-09,3.8561086654663086
2859,2023-01-10,3.8280158042907715
2860,2023-01-11,3.740217447280884
2861,2023-01-12,3.615602493286133
2862,2023-01-13,3.538297653198242
2863,2023-01-14,3.550964593887329
2864,2023-01-15,3.535550117492676
2865,2023-01-16,3.4667749404907227
2866,2023-01-17,3.430678606033325
2867,2023-01-18,3.4398252964019775
2868,2023-01-19,3.483222007751465
2869,2023-01-20,3.52423357963562
2870,2023-01-21,3.553934097290039
2871,2023-01-22,3.599963665008545
2872,2023-01-23,3.642852306365967
2873,2023-01-24,3.5276074409484863
2874,2023-01-25,3.4431793689727783
2875,2023-01-26,3.4213414192199707
2876,2023-01-27,3.3911778926849365
2877,2023-01-28,3.2638959884643555
2878,2023-01-29,3.14959716796875
2879,2023-01-30,3.029472827911377
2880,2023-01-31,2.9757134914398193
2881,2023-02-01,2.9588518142700195
2882,2023-02-02,2.955840826034546
2883,2023-02-03,3.014268159866333
2884,2023-02-04,3.1198630332946777
2885,2023-02-05,3.183215379714966
2886,2023-02-06,3.138792037963867
2887,2023-02-07,3.013319253921509
2888,2023-02-08,2.896724224090576
2889,2023-02-09,2.8680243492126465
2890,2023-02-10,2.882704019546509
2891,2023-02-11,2.9004693031311035
2892,2023-02-12,2.924332857131958
2893,2023-02-13,2.9488353729248047
2894,2023-02-14,2.964022636413574
2895,2023-02-15,2.9615347385406494
2896,2023-02-16,2.958099365234375
2897,2023-02-17,2.9662041664123535
2898,2023-02-18,3.0265469551086426
2899,2023-02-19,3.1728601455688477
2900,2023-02-20,3.3412842750549316
2901,2023-02-21,3.474914789199829
2902,2023-02-22,3.5781116485595703
2903,2023-02-23,2.830475330352783
2904,2023-02-24,2.9321115016937256
2905,2023-02-25,2.8695240020751953
2906,2023-02-26,2.7440614700317383
2907,2023-02-27,2.503883123397827
2908,2023-02-28,2.286287784576416
2909,2023-03-01,2.241910457611084
2910,2023-03-02,2.297419309616089
2911,2023-03-03,2.3536343574523926
2912,2023-03-04,2.3644487857818604
2913,2023-03-05,2.40281343460083
2914,2023-03-06,2.4680235385894775
2915,2023-03-07,2.5303640365600586
2916,2023-03-08,2.5946502685546875
2917,2023-03-09,2.6666908264160156
2918,2023-03-10,2.727682113647461
2919,2023-03-11,2.7762012481689453
2920,2023-03-12,2.8146955966949463
2921,2023-03-13,2.8536765575408936
2922,2023-03-14,2.8497610092163086
2923,2023-03-15,2.8149540424346924
2924,2023-03-16,2.8082408905029297
2925,2023-03-17,2.8344438076019287
2926,2023-03-18,2.8969857692718506
2927,2023-03-19,2.9701778888702393
2928,2023-03-20,3.004146099090576
2929,2023-03-21,2.9926390647888184
2930,2023-03-22,2.969667911529541
2931,2023-03-23,2.9456162452697754
2932,2023-03-24,2.900411605834961
2933,2023-03-25,2.9456377029418945
2934,2023-03-26,3.1186861991882324
2935,2023-03-27,3.2339234352111816
2936,2023-03-28,3.297337293624878
2937,2023-03-29,3.247365713119507
2938,2023-03-30,3.20005464553833
2939,2023-03-31,3.140995979309082
2940,2023-04-01,3.0719308853149414
2941,2023-04-02,3.0197927951812744
2942,2023-04-03,2.9963066577911377
2943,2023-04-04,3.0013225078582764
2944,2023-04-05,3.016428232192993
2945,2023-04-06,3.0358481407165527
2946,2023-04-07,3.06535267829895
2947,2023-04-08,3.0991406440734863
2948,2023-04-09,3.1337168216705322
2949,2023-04-10,3.1718900203704834
2950,2023-04-11,3.1919987201690674
2951,2023-04-12,3.198913335800171
2952,2023-04-13,3.2194669246673584
2953,2023-04-14,3.249905586242676
2954,2023-04-15,3.2621030807495117
2955,2023-04-16,3.2613961696624756
2956,2023-04-17,3.266598701477051
2957,2023-04-18,3.2754101753234863
2958,2023-04-19,3.277770757675171
2959,2023-04-20,3.2751986980438232
2960,2023-04-21,3.279613971710205
2961,2023-04-22,3.281869888305664
2962,2023-04-23,3.2431156635284424
2963,2023-04-24,3.180527687072754
2964,2023-04-25,3.1901416778564453
2965,2023-04-26,3.2426629066467285
2966,2023-04-27,3.187452793121338
2967,2023-04-28,3.177926540374756
2968,2023-04-29,3.2002928256988525
2969,2023-04-30,3.2244386672973633
2970,2023-05-01,3.238024950027466
2971,2023-05-02,3.222097635269165
2972,2023-05-03,3.1590354442596436
2973,2023-05-04,3.058579921722412
2974,2023-05-05,3.0031650066375732
2975,2023-05-06,3.023024082183838
2976,2023-05-07,3.056514263153076
2977,2023-05-08,3.0690879821777344
2978,2023-05-09,3.072538375854492
2979,2023-05-10,3.074766159057617
2980,2023-05-11,3.0739283561706543
2981,2023-05-12,3.063154697418213
2982,2023-05-13,3.044870615005493
2983,2023-05-14,3.0189616680145264
2984,2023-05-15,2.9827611446380615
2985,2023-05-16,2.9625954627990723
2986,2023-05-17,2.9631404876708984
2987,2023-05-18,2.9635419845581055
2988,2023-05-19,2.9584245681762695
2989,2023-05-20,2.9514245986938477
2990,2023-05-21,2.963709831237793
2991,2023-05-22,2.984299659729004
2992,2023-05-23,3.002692222595215
2993,2023-05-24,3.047844886779785
2994,2023-05-25,2.9374802112579346
2995,2023-05-26,3.022608995437622
2996,2023-05-27,3.0068917274475098
2997,2023-05-28,2.9807088375091553
2998,2023-05-29,2.9687206745147705
2999,2023-05-30,2.9196560382843018
3000,2023-05-31,2.867568254470825
3001,2023-06-01,2.88765811920166
3002,2023-06-02,2.904025077819824
3003,2023-06-03,2.9236676692962646
3004,2023-06-04,2.951138973236084
3005,2023-06-05,2.9838950634002686
3006,2023-06-06,3.02925705909729
3007,2023-06-07,3.0465831756591797
3008,2023-06-08,3.034558057785034
3009,2023-06-09,3.0247697830200195
3010,2023-06-10,3.010519504547119
3011,2023-06-11,2.969247817993164
3012,2023-06-12,2.912318706512451
3013,2023-06-13,2.906608819961548
3014,2023-06-14,2.9305803775787354
3015,2023-06-15,2.914761543273926
3016,2023-06-16,2.8435356616973877
3017,2023-06-17,2.781785011291504
3018,2023-06-18,2.7725324630737305
3019,2023-06-19,2.786777973175049
3020,2023-06-20,2.7946455478668213
3021,2023-06-21,2.8117737770080566
3022,2023-06-22,2.8577823638916016
3023,2023-06-23,3.1937427520751953
3024,2023-06-24,3.204073190689087
3025,2023-06-25,3.085972547531128
3026,2023-06-26,3.06215500831604
3027,2023-06-27,3.024146556854248
3028,2023-06-28,3.0109100341796875
3029,2023-06-29,3.030118942260742
3030,2023-06-30,3.0411086082458496
3031,2023-07-01,3.0494441986083984
3032,2023-07-02,3.0528106689453125
3033,2023-07-03,3.0479772090911865
3034,2023-07-04,3.0298218727111816
3035,2023-07-05,3.0092365741729736
3036,2023-07-06,3.002509593963623
3037,2023-07-07,3.008747100830078
3038,2023-07-08,3.0198118686676025
3039,2023-07-09,3.0314056873321533
3040,2023-07-10,3.0411624908447266
3041,2023-07-11,3.0500264167785645
3042,2023-07-12,3.051323652267456
3043,2023-07-13,3.04762601852417
3044,2023-07-14,3.0617101192474365
3045,2023-07-15,3.095191478729248
3046,2023-07-16,3.128075122833252
3047,2023-07-17,3.151437759399414
3048,2023-07-18,3.161930561065674
3049,2023-07-19,3.160921573638916
3050,2023-07-20,3.148468017578125
3051,2023-07-21,3.124297618865967
3052,2023-07-22,3.0935840606689453
3053,2023-07-23,3.168287515640259
3054,2023-07-24,3.138998508453369
3055,2023-07-25,3.1463141441345215
3056,2023-07-26,3.155395030975342
3057,2023-07-27,3.152277708053589
3058,2023-07-28,3.1329288482666016
3059,2023-07-29,3.119570732116699
3060,2023-07-30,3.114964485168457
3061,2023-07-31,3.1186652183532715
3062,2023-08-01,3.1189913749694824
3063,2023-08-02,3.087106466293335
3064,2023-08-03,3.0387425422668457
3065,2023-08-04,3.005977153778076
3066,2023-08-05,2.9831676483154297
3067,2023-08-06,2.9920008182525635
3068,2023-08-07,3.0298547744750977
3069,2023-08-08,3.05397629737854
3070,2023-08-09,3.062577486038208
3071,2023-08-10,3.064042091369629
3072,2023-08-11,3.059185028076172
3073,2023-08-12,3.044715642929077
3074,2023-08-13,3.0230047702789307
3075,2023-08-14,3.0039589405059814
3076,2023-08-15,2.99320125579834
3077,2023-08-16,2.989330768585205
3078,2023-08-17,2.9880332946777344
3079,2023-08-18,2.986372232437134
3080,2023-08-19,2.992654323577881
3081,2023-08-20,3.014880657196045
3082,2023-08-21,3.0407955646514893
3083,2023-08-22,2.9337449073791504
3084,2023-08-23,3.155294895172119
3085,2023-08-24,3.147066354751587
3086,2023-08-25,3.160478353500366
3087,2023-08-26,3.188817024230957
3088,2023-08-27,3.214738607406616
3089,2023-08-28,3.2238261699676514
3090,2023-08-29,3.1938223838806152
3091,2023-08-30,3.13735294342041
3092,2023-08-31,3.1053965091705322
3093,2023-09-01,3.0578055381774902
3094,2023-09-02,3.0022644996643066
3095,2023-09-03,2.9673500061035156
3096,2023-09-04,2.9498064517974854
3097,2023-09-05,2.946881055831909
3098,2023-09-06,2.9541513919830322
3099,2023-09-07,2.9687156677246094
3100,2023-09-08,2.9873242378234863
3101,2023-09-09,2.9941792488098145
3102,2023-09-10,2.976069450378418
3103,2023-09-11,2.970250368118286
3104,2023-09-12,2.9986398220062256
3105,2023-09-13,3.0520076751708984
3106,2023-09-14,3.0684595108032227
3107,2023-09-15,3.0177125930786133
3108,2023-09-16,2.9524569511413574
3109,2023-09-17,2.910400629043579
3110,2023-09-18,2.843644618988037
3111,2023-09-19,2.800452947616577
3112,2023-09-20,2.7899861335754395
3113,2023-09-21,2.9620590209960938
3114,2023-09-22,3.0048129558563232
3115,2023-09-23,2.986988067626953
3116,2023-09-24,2.939542055130005
3117,2023-09-25,2.8860208988189697
3118,2023-09-26,2.958684206008911
3119,2023-09-27,3.016944408416748
3120,2023-09-28,3.100658893585205
3121,2023-09-29,3.319822072982788
3122,2023-09-30,3.3276379108428955
3123,2023-10-01,3.2496938705444336
3124,2023-10-02,3.242133855819702
3125,2023-10-03,3.270629644393921
3126,2023-10-04,3.334181308746338
3127,2023-10-05,3.3975720405578613
3128,2023-10-06,3.43418550491333
3129,2023-10-07,3.395362138748169
3130,2023-10-08,3.3988823890686035
3131,2023-10-09,3.51273775100708
3132,2023-10-10,3.626248359680176
3133,2023-10-11,3.709712028503418
3134,2023-10-12,3.7200121879577637
3135,2023-10-13,3.6324658393859863
3136,2023-10-14,3.5416598320007324
3137,2023-10-15,3.478508949279785
3138,2023-10-16,3.4388022422790527
3139,2023-10-17,3.425166368484497
3140,2023-10-18,3.427396297454834
3141,2023-10-19,3.4485855102539062
3142,2023-10-20,3.503641128540039
3143,2023-10-21,4.269558429718018
3144,2023-10-22,4.0876264572143555
3145,2023-10-23,4.003682613372803
3146,2023-10-24,3.917531967163086
3147,2023-10-25,3.8524272441864014
3148,2023-10-26,3.8527908325195312
3149,2023-10-27,3.864403009414673
3150,2023-10-28,3.8433680534362793
3151,2023-10-29,3.7232203483581543
3152,2023-10-30,3.599721670150757
3153,2023-10-31,3.5434980392456055
3154,2023-11-01,3.5508391857147217
3155,2023-11-02,3.543002128601074
3156,2023-11-03,3.5342020988464355
3157,2023-11-04,3.5281553268432617
3158,2023-11-05,3.5105607509613037
3159,2023-11-06,3.504004955291748
3160,2023-11-07,3.528289318084717
3161,2023-11-08,3.556729793548584
3162,2023-11-09,3.5762062072753906
3163,2023-11-10,3.588937759399414
3164,2023-11-11,3.5948009490966797
3165,2023-11-12,3.5971298217773438
3166,2023-11-13,3.600125789642334
3167,2023-11-14,3.5965232849121094
3168,2023-11-15,3.5873665809631348
3169,2023-11-16,3.582230567932129
3170,2023-11-17,3.5827887058258057
3171,2023-11-18,3.5795578956604004
3172,2023-11-19,3.563833236694336
3173,2023-11-20,3.2069554328918457
3174,2023-11-21,3.2277634143829346
3175,2023-11-22,3.2794246673583984
3176,2023-11-23,3.2984988689422607
3177,2023-11-24,3.274492025375366
3178,2023-11-25,3.2304985523223877
3179,2023-11-26,3.2074484825134277
3180,2023-11-27,3.1844189167022705
3181,2023-11-28,3.1588516235351562
3182,2023-11-29,3.1285037994384766
3183,2023-11-30,3.093416929244995
3184,2023-12-01,3.062107801437378
3185,2023-12-02,3.030918598175049
3186,2023-12-03,3.00538969039917
3187,2023-12-04,2.9898526668548584
3188,2023-12-05,2.981712818145752
3189,2023-12-06,2.972437858581543
3190,2023-12-07,2.9600534439086914
3191,2023-12-08,2.9573981761932373
3192,2023-12-09,2.961153507232666
3193,2023-12-10,2.9628405570983887
3194,2023-12-11,2.971782922744751
3195,2023-12-12,2.98490047454834
3196,2023-12-13,3.0062127113342285
3197,2023-12-14,3.026334285736084
3198,2023-12-15,3.0364532470703125
3199,2023-12-16,3.0454511642456055
3200,2023-12-17,3.0638632774353027
3201,2023-12-18,3.097179889678955
3202,2023-12-19,3.13692045211792
3203,2023-12-20,3.094974994659424
3204,2023-12-21,2.731780767440796
3205,2023-12-22,2.6904470920562744
3206,2023-12-23,2.7557878494262695
3207,2023-12-24,2.8018994331359863
3208,2023-12-25,2.816016674041748
3209,2023-12-26,2.769561767578125
3210,2023-12-27,2.715679168701172
3211,2023-12-28,2.687222480773926
3212,2023-12-29,2.6646616458892822
3213,2023-12-30,2.6130480766296387
3214,2023-12-31,2.5682201385498047
3215,2024-01-01,2.549652338027954
3216,2024-01-02,2.525156021118164
3217,2024-01-03,2.5041134357452393
3218,2024-01-04,2.510895252227783
3219,2024-01-05,2.516961097717285
3220,2024-01-06,2.522169351577759
3221,2024-01-07,2.550382137298584
3222,2024-01-08,2.5961546897888184
3223,2024-01-09,2.6090247631073
3224,2024-01-10,2.602621078491211
3225,2024-01-11,2.603611946105957
3226,2024-01-12,2.605656623840332
3227,2024-01-13,2.5990242958068848
3228,2024-01-14,2.587075710296631
3229,2024-01-15,2.572551965713501
3230,2024-01-16,2.545994281768799
3231,2024-01-17,2.5351812839508057
3232,2024-01-18,2.543511390686035
3233,2024-01-19,2.319143295288086
3234,2024-01-20,2.343208074569702
3235,2024-01-21,2.259573459625244
3236,2024-01-22,2.248744487762451
3237,2024-01-23,2.2739596366882324
3238,2024-01-24,2.2762629985809326
3239,2024-01-25,2.3048346042633057
3240,2024-01-26,2.3507771492004395
3241,2024-01-27,2.3651862144470215
3242,2024-01-28,2.322941780090332
3243,2024-01-29,2.277503490447998
3244,2024-01-30,2.205305576324463
3245,2024-01-31,2.053009510040283
3246,2024-02-01,1.999405026435852
3247,2024-02-02,1.997978925704956
3248,2024-02-03,1.9662984609603882
3249,2024-02-04,1.959273338317871
3250,2024-02-05,2.0026063919067383
3251,2024-02-06,2.062868595123291
3252,2024-02-07,2.1150100231170654
3253,2024-02-08,2.1526544094085693
3254,2024-02-09,2.1582541465759277
3255,2024-02-10,2.133776903152466
3256,2024-02-11,2.113401174545288
3257,2024-02-12,2.1157310009002686
3258,2024-02-13,2.1277406215667725
3259,2024-02-14,2.1417534351348877
3260,2024-02-15,2.1622488498687744
3261,2024-02-16,2.18703556060791
3262,2024-02-17,2.206737518310547
3263,2024-02-18,2.31099271774292
3264,2024-02-19,2.3772754669189453
3265,2024-02-20,2.3032259941101074
3266,2024-02-21,2.1740288734436035
3267,2024-02-22,2.124356746673584
3268,2024-02-23,2.045935869216919
3269,2024-02-24,1.9802463054656982
3270,2024-02-25,1.9500017166137695
3271,2024-02-26,1.8974429368972778
3272,2024-02-27,1.8535758256912231
3273,2024-02-28,1.8392927646636963
3274,2024-02-29,1.8504419326782227
3275,2024-03-01,1.8517817258834839
3276,2024-03-02,1.8414419889450073
3277,2024-03-03,1.8482859134674072
3278,2024-03-04,1.8602099418640137
3279,2024-03-05,1.856675386428833
3280,2024-03-06,1.8133302927017212
3281,2024-03-07,1.7399318218231201
3282,2024-03-08,1.693657398223877
3283,2024-03-09,1.7056834697723389
3284,2024-03-10,1.7148948907852173
3285,2024-03-11,1.7691237926483154
3286,2024-03-12,1.8731259107589722
3287,2024-03-13,1.8940670490264893
3288,2024-03-14,1.8818753957748413
3289,2024-03-15,1.8807294368743896
3290,2024-03-16,1.9200308322906494
3291,2024-03-17,2.0973939895629883
3292,2024-03-18,2.3096325397491455
3293,2024-03-19,2.3519809246063232
3294,2024-03-20,2.2388510704040527
3295,2024-03-21,2.342071294784546
3296,2024-03-22,2.3908495903015137
3297,2024-03-23,2.4814791679382324
3298,2024-03-24,2.5931408405303955
3299,2024-03-25,2.6550474166870117
3300,2024-03-26,2.6701767444610596
3301,2024-03-27,2.6372673511505127
3302,2024-03-28,2.5601425170898438
3303,2024-03-29,2.474419116973877
3304,2024-03-30,2.4136252403259277
3305,2024-03-31,2.337275505065918
3306,2024-04-01,2.354482650756836
3307,2024-04-02,2.351282835006714
3308,2024-04-03,2.3550167083740234
3309,2024-04-04,2.3652822971343994
3310,2024-04-05,2.3607380390167236
3311,2024-04-06,2.3485512733459473
3312,2024-04-07,2.3357393741607666
3313,2024-04-08,2.3095686435699463
3314,2024-04-09,2.293492317199707
3315,2024-04-10,2.2901172637939453
3316,2024-04-11,2.294973373413086
3317,2024-04-12,2.2877089977264404
3318,2024-04-13,2.275071144104004
3319,2024-04-14,2.2526767253875732
3320,2024-04-15,2.2122342586517334
3321,2024-04-16,2.146427869796753
3322,2024-04-17,2.071406602859497
3323,2024-04-18,1.9716037511825562
3324,2024-04-19,1.9417365789413452
3325,2024-04-20,1.8326263427734375
3326,2024-04-21,1.8431137800216675
3327,2024-04-22,1.899221658706665
3328,2024-04-23,1.9315283298492432
3329,2024-04-24,1.8452609777450562
3330,2024-04-25,1.7347767353057861
3331,2024-04-26,1.6802313327789307
3332,2024-04-27,1.6550002098083496
3333,2024-04-28,1.6542134284973145
3334,2024-04-29,1.6669440269470215
3335,2024-04-30,1.6830172538757324
3336,2024-05-01,1.6910715103149414
3337,2024-05-02,1.6735813617706299
3338,2024-05-03,1.6258357763290405
3339,2024-05-04,1.569758415222168
3340,2024-05-05,1.5479142665863037
3341,2024-05-06,1.6005264520645142
3342,2024-05-07,1.6223100423812866
3343,2024-05-08,1.7351155281066895
3344,2024-05-09,1.8298943042755127
3345,2024-05-10,1.8545706272125244
3346,2024-05-11,1.8437762260437012
3347,2024-05-12,1.7688668966293335
3348,2024-05-13,1.7495148181915283
3349,2024-05-14,1.8205273151397705
3350,2024-05-15,1.8280284404754639
3351,2024-05-16,1.8467962741851807
3352,2024-05-17,1.9302799701690674
3353,2024-05-18,2.1589787006378174
3354,2024-05-19,2.12805438041687
3355,2024-05-20,2.094482183456421
3356,2024-05-21,2.018564224243164
3357,2024-05-22,1.9843502044677734
3358,2024-05-23,1.9906399250030518
3359,2024-05-24,2.0006418228149414
3360,2024-05-25,2.007042169570923
3361,2024-05-26,2.009901285171509
3362,2024-05-27,2.0147414207458496
3363,2024-05-28,2.0221595764160156
3364,2024-05-29,2.0332391262054443
3365,2024-05-30,2.0410048961639404
3366,2024-05-31,2.0630626678466797
3367,2024-06-01,2.1408822536468506
3368,2024-06-02,2.241806983947754
3369,2024-06-03,2.3149993419647217
3370,2024-06-04,2.3254120349884033
3371,2024-06-05,2.297870635986328
3372,2024-06-06,2.2565813064575195
